ID,Comment
spam,ㅅΓ고Γ티ㅂl 거의 야동수준임 ;; 미쳤다니까 여자애들 수위없이 노는곳은 사과티비가 유일할걸 ?
spam,아나 ㅡㅡ 뽕티ㅂl 가뭔데 남자면 다 아냐 여캠들 핑두 핑ㅂ 아니면 딱대 진짜
spam,꼼프/라카 입에 촥촥 감기네 ㅋㅋ 도대체 뭐길래??
spam,"꼼프라카,씨오엠 내인생 최대업적임.. 장사 말아먹고 지푸라기 잡는심정으로 거진 다 복구함 ㅠㅠ"
spam,유투브에서 개추하는 진정한 메이저는 꼼프라카다 !! 미만잡!
spam,"주변에서도 하도 꼼프라카 대박이라 하길래 뭔가했더니,,,"
spam,꼼프라카 < 챌린저급 동선으로 진지빨고 플레이어 장줄 도전해보는게 어때보임??
spam,오징어게임 시즌2 상금은 얼마로 측정되려나 “꼼프라카”를 통해 나도 상금한번 겟 해보련다
spam,하도 도배되어서 이제 카지노 하는 애들은 꼼프라카 거의다 알듯 ㅋㅋㅋㅋ
spam,타고난 전략가는 ‘꼼프라카’에서 중국점 그림 파악하고 일확천금을 누리고 있다던데 사실인가요?
spam,꼼프라카 은근 괜찮네요 상당히 깔끔하고 괜춘한듯??
spam,여기저기 많은 제휴업체 이용해봤는데 의미없더라~~ 꼼프라카 이용을 개추한다
spam,꼼프라카 도박 별거 없습니다 결국 멘탈을 스스로 어떻게 잡냐 차이
spam,"꼼프라카,씨오엠 진짜 마지막으로 속아보자 후회는 없을것이야 ㅋㅋㅋㅋㅋ"
spam,"찰나가 영원이 될때,, 결데로 가자 결데로 [꼼프][라카]"
spam,"어제 급하게 급전땡긴다고 꼼프라카,씨오엠 스포츠한탕 질렀다가 대박남 ㅋㅋㅋ"
spam,바카라의호흡 제1형 뱅커올인 (꼼프라카 쩜 껌)
spam,꼼프라카 저새끼들 알바인거임 드립인거임?
spam,"댓글상태가 이상하다구용? 홍보 맞습니다. 하지만 자신합니다. 꼼프라카,씨오엠은 회원을 항상 중요시 합니다."
spam,꼼프라카 에선 레벨에 따른 콤프지급~ 이왕 바카라할거면 콤프정도는 받아야죠
spam,"페이커 젠지에 패하고 벽에 머리를 박았다던데,, 꼼프라카 하면 롤 실력향상에 도움이 됩니다."
spam,우리나라에서 명성가득한 꼼프라카 내가 이용한곳중에 가장 클린함
spam,꼼프라카 입에 촥촥감기고 작명센스 지렷다ㅋㅋㅋㅋㅋㅋ
spam,맞다고 씹덕색갸 네이버에도 사과티비 치면 나온다고 문찐인가ㅋㅋㅋㅋㅋ
spam,와 ㅋㅋ뽕ㅌl비 여기 여캠들 막 문지르면서 물 흐르는거 보여주는데 수위 지린다 .... ㅠ
spam,밑에 바바티비나 사과티비 댓글 알바들 존나 많네 ㅋㅋㅋㅋ 지들끼리 북치고 장구치고 역겨운 ㅅㄲ들 ㅋㅋ
spam,나도 마카롱티비 검색해서 들어갔는데 그냥 여자들 다 벗1고 있음 ㄷㄷ;
spam,순위충이 사라진 이곳은 사과티비에게 점령당했다
spam,꼼프라~카.. 이름이 귀여워서 뭔지 알아보려고 했더니 새롭게 떠오르는 도오박이엿구나ㅋㅋㅋ
spam,꼼프라~카 이렇게 갓벽한 곳을 추천해주는 당신들 칭찬해~
spam,도파민 터지는 소리가 롤지노 에서 부터 들리기 시작합니다.. 다함께 차차차
spam,자랑하기 싫어도 저절로 자랑이되는 나의 자부심 롤지노 서두르지말고 천천히 오세용
spam,롤지노 님은 생존하셨습니다… 밤티라미수 급 달달한 롤지노 같이 머거용
spam,대회에서도 이즈리얼이 나온다 ㅋㅋ 나도 이즈좀 치는데요 ~ 모든 롤드컵정보는 롤지노에서
spam,재미면 재미 보안이면 보안 아주그냥 갖출건 다 갖춘 갓벽 그잡채… 롤지노..
spam,연금처럼 꼼프v라카 와서 쭉쭉 뽑아먹자 잘 풀릴때도 있지만 안되는날도 당연히 있다는건 인지하면서 조절 ㄱㄱ
spam,삼성주가는 하락세 롤지노 주가는 상승세 ~
spam,하도 꼼프라z카 하길래 무엇인지 알아보았는데 내가 여태 이용한 ㅅㅏ설은 비교도 안되네
spam,일안해도 통장에 타박타박 꽃히는 소리 너무잘들리쟈냐 럭키비키.. 롤지노
spam,흑백요리사 안성재셰프도 고개를 끄덕이게 만든 빠카라 맛집 “꼼ㅇ프ㅇ라ㅇ카” ㅋㅋㅋㅋㅋㅋ
spam,내가 처음 애니비아로 미드를 점령하던 시절이 있었지 ㅎㅎ 애니비아를 ‘롤지노’에서 가르쳐주더라구요
spam,"아이고,, 뭐 모르는사람은 새롭게 등장한줄아는데 원래부터 뭬이저였어요 ‘꼼2프 라2카’는,, 알고들 말하셈"
spam,꼼ㅇ프ㅇ라ㅇ카 는요 편리함 안전 보안 세박자가 딱 맞아 떨어져요 졉속해서 붉은색뺑커 세번 엎어치기 하고 환치기환치기 야야야
spam,이번에도 어김없이 롤두컵 T1이 또 우승했네 ㅋㅋㅋ더 자세한 정보는 .롤지노.
spam,이스포츠 재밌는게 너무 많자나 이거이거 롤지노 완전 물건 그자체네 ..
spam,도파민 중독자들 가득차는 소리가 여기까지 들림 ㅋㅋ 롤지노 에서 도파민 충전 ㄱㄱ
spam,제 인생을 롤지노를 시작하기 전과 시작하기 후로 완전히 바뀌었습니다.. 감사합니다 롤지노
spam,많은 스타유저들의 대회와 betting을 한곳에서 즐기는 안즌놀터 롤지노
spam,인방 대표 플랫폼 soop가 있다면 롤랜드 ck sll 승부예측에는 ‘롤지노’  아니겠쉽니까 ?
spam,‘꼼2프 라2카’ 에서 하루에 20넣고 윈컷 60 딱 잡고 마무리하니깐 직장에서 받은급여는 전부 저축중 ㅋㅋ 이런게 부업이지 뭐겠어 ??
spam,"경제에 조금씩 눈을 뜨면서 돈벌기가 이렇게 쉽지 않다는걸 알아  ! 라~카버렸다,, 오직 해답은 꼼~프"
spam,도파민이 가득차는 소리가 여기까지 들림 ㅋㅋ 꼼프라까 에서 도파민 충전 ㄱㄱ
spam,너내가 리그오브레전드를 정확히 알고 있다고 생각하지? 천만의말씀 1롤지노1에서 더 많은것을 배워봐
spam,앞으로는 이것이 대세가 될 것이다 그것은 바로 롤지노 롤지노
spam,인방 대표 플랫폼 아프리카가 있다면 카찢노에는 ‘꼼2프 라2카’  아니겠쉽니까 ?
spam,롤지노가 굉장히 타이트해요… 이스포츠가 킥입니다 킥… 롤드컵 우승은 st킥1
spam,요네 이타 장전하고 r 쓰고 한명 잡은다음에 바로 롤지노 키고 베에엣팅 슈웃!
spam,이번에도 어김없이 T1 우승 보이네요 ? 더 자세한 정보는 .롤지노.
spam,한국팀은 절때로 중국팀에 지지 않습니다.. 롤지노 에서 승부예측 ㄱㄱㄱ 해봅시다요
spam,요즘은 일반betting은 재미없자나유 롤지노를 들어오신다면 센세이션할거에요
spam,롤지노 어제까지만해도 나락이였는데 오늘 바로 수익나부렸쥬?
spam,클상도저 벌칙 풀영상은 https://www.youtube.com/watch?v=7z-PpIR5vOk 에서 볼 수 있습니다!!
spam,롤지노 확실하고 야무진 이슷포츠 경기만 쏙쏙 골라먹기 넘맛잇자누
spam,바이럴마케팅 이란 바로 이런거지 롤지노 뭔지 궁금하지 ? 궁금할테야
spam,잘익은 김치 같은 야무진 저희 롤지노… 함께 즐겨 봅시다 혼자먹긴 너무 배부르거덩요
spam,이번에도 어김없이 T1 우승각이 보이네요 ? 더 자세한 정보는 .롤지노.
spam,윤석열도 청와대에서 몰래 ‘꼼2프 라2카’ 하다 김건희여사한테 혼쭐났다는데 그렇게 재밌나 ??
spam,"마이너스통장 꼼s프 라s카 이용을하고 복구완료,, 인생은 지금부터가 다시 시작이다 !!"
spam,지울수 없는 기억.. 생생합니다. 저희 롤지노 에서 완벽한 추억을 선사할 예정입니다…
spam,롤지노 궁금하시죠 요즘 아이들은 이곳을 숭배합니다
spam,억까 없이 정정당당한 롤지노에서 다양한 게에임 을 즐겨 보도록 해봅시다 ㅎㅎ
spam,"근데, 임유진이 춤을 추는건 타격이 없어 여캠만 봐도 답이 나오잖음? 이상호가 춤을 추니까 타격이 있는거야 ㅋㅋㅋㅋ"
spam,왔다 내 티뽕티비
spam,"경기 끝나고 이것만 기다림,, 내 야동,,"
spam,벌써 연말이 다가오고 있습니다… 2024년 은 롤지노 에서 마무리 해보는건 어떨까요 ??
spam,[롤지노]를 접속하셔서 만약 롤이 질린다면 카쥐노로 전향하기
spam,흑백요리사 안성재셰프도 고개를 끄덕이게 만든 빠카라 맛집 “롤0지0노” ㅋㅋㅋㅋㅋㅋ
spam,"날씨가 추워요 다들 화이팅 (스무살 이상은 내 채,, 널,, 고고ㅋㅋ)"
spam,꼼o프o라o카 대한민국 ㅂㅌ업계 먹이사슬 최상위 포식자로 등극
spam,꼼o프o라o카 댓글이 달렸다면 당신의 채널은 앞으로 성장가치가 높다는것을 의미합니다. 축하드립니다.
spam,리그오브레전드 출시된지 어언 13년 아직도 인기는 급상승세 1롤지노1에서 더 많은 정보를 확인하세요
spam,인방 대표 플랫폼 아프리카가 있다면 카아지이노오에는 꼼s프 라s카 아니겠쉽니까 ?
spam,날씨가 추워요 다들 화이팅(아이돌A양 궁금하면 나한테)
spam,날씨가 추워요 다들 화이팅(아이돌A양 궁금하면 나에게로)
spam,제이스 잘하시더라구요. 재밌었습니다 굳
spam,카나비가 원하고 제이스랑 맞라인스는 파카 써야지..
spam,꼼프리카 개꼴린다
spam,아나 ㅡㅡ 뽕티ㅂl 가뭔데 남자면 다 아냐 여캠들 핑두 핑ㅂ 아니면 딱대 진짜 베에에팅
spam,아나 ㅡㅡ 뽕티ㅂl 가뭔데 남자면 다 아냐 여캠들 핑두 핑ㅂ 아니면 딱대 진짜 컴컴
spam,와 ㅋㅋ뽕ㅌl비 여기 여캠들 막 문지르면서 물 흐르는거 보여주는데 수위 지린다 .... ㅠ 궁금해?
spam,와 ㅋㅋ뽕ㅌl비 여기 여캠들 막 문지르면서 물 흐르는거 보여주는데 수위 지린다 .... ㅠ 컴컴
spam,와 ㅋㅋ뽕ㅌl비 여기 여캠들 막 문지르면서 물 흐르는거 보여주는데 수위 지린다 .... ㅠ 슈우웃!
spam,꼼프라~카.. 이름이 귀여워서 뭔지 알아보려고 했더니 새롭게 떠오르는 도오박이엿구나ㅋㅋㅋ 대박~~
spam,꼼프라~카 이렇게 갓벽한 곳을 추천해주는 당신들 칭찬해~ 캬~
spam,도파민 터지는 소리가 롤지노 에서 부터 들리기 시작합니다.. 다함께 차차차 들어와
spam,자랑하기 싫어도 저절로 자랑이되는 나의 자부심 롤지노 서두르지말고 천천히 오세용 와우
spam,롤지노 님은 생존하셨습니다… 밤티라미수 급 달달한 롤지노 같이 머거용 베에에팅
spam,꼼프라~카.. 이름이 귀여워서 뭔지 알아보려고 했더니 새롭게 떠오르는 도오박이엿구나ㅋㅋㅋ 개꿀
spam,대회에서도 이즈리얼이 나온다 ㅋㅋ 나도 이즈좀 치는데요 ~ 모든 롤드컵정보는 롤지노에서 와우
spam,재미면 재미 보안이면 보안 아주그냥 갖출건 다 갖춘 갓벽 그잡채… 롤지노.. !!!!
spam,연금처럼 꼼프v라카 와서 쭉쭉 뽑아먹자 잘 풀릴때도 있지만 안되는날도 당연히 있다는건 인지하면서 조절 ㄱㄱ 헉!!
spam,도파민 터지는 소리가 롤지노 에서 부터 들리기 시작합니다.. 다함께 차차차!
spam,삼성주가는 하락세 롤지노 주가는 상승세 ~ 오세용~
spam,꼼프라~카 이렇게 갓벽한 곳을 추천해주는 당신들 칭찬해~ 헉!!
spam,하도 꼼프라z카 하길래 무엇인지 알아보았는데 내가 여태 이용한 ㅅㅏ설은 비교도 안되네 베에에팅
spam,일안해도 통장에 타박타박 꽃히는 소리 너무잘들리쟈냐 럭키비키.. 롤지노!?!?!?
spam,자랑하기 싫어도 저절로 자랑이되는 나의 자부심 롤지노 서두르지말고 천천히 오세용 오세용~
spam,흑백요리사 안성재셰프도 고개를 끄덕이게 만든 빠카라 맛집 “꼼ㅇ프ㅇ라ㅇ카” ㅋㅋㅋㅋㅋㅋ 와우~!
spam,삼성주가는 하락세 롤지노 주가는 상승세 ~ 대박~~
spam,흑백요리사 안성재셰프도 고개를 끄덕이게 만든 빠카라 맛집 “꼼ㅇ프ㅇ라ㅇ카” ㅋㅋㅋㅋㅋㅋ !!!!
spam,대회에서도 이즈리얼이 나온다 ㅋㅋ 나도 이즈좀 치는데요 ~ 모든 롤드컵정보는 롤지노에서 슈우웃!
spam,내가 처음 애니비아로 미드를 점령하던 시절이 있었지 ㅎㅎ 애니비아를 ‘롤지노’에서 가르쳐주더라구요 가보자~
spam,"아이고,, 뭐 모르는사람은 새롭게 등장한줄아는데 원래부터 뭬이저였어요 ‘꼼2프 라2카’는,, 알고들 말하셈 캬~"
spam,삼성주가는 하락세 롤지노 주가는 상승세 ~ 와우
spam,꼼ㅇ프ㅇ라ㅇ카 는요 편리함 안전 보안 세박자가 딱 맞아 떨어져요 졉속해서 붉은색뺑커 세번 엎어치기 하고 환치기환치기 야야야 달달해
spam,이스포츠 재밌는게 너무 많자나 이거이거 롤지노 완전 물건 그자체네 .. 슈우웃!
spam,도파민 중독자들 가득차는 소리가 여기까지 들림 ㅋㅋ 롤지노 에서 도파민 충전 ㄱㄱ !!!!
spam,제 인생을 롤지노를 시작하기 전과 시작하기 후로 완전히 바뀌었습니다.. 감사합니다 롤지노 가보자~
spam,많은 스타유저들의 대회와 betting을 한곳에서 즐기는 안즌놀터 롤지노 놀러와
spam,일안해도 통장에 타박타박 꽃히는 소리 너무잘들리쟈냐 럭키비키.. 롤지노 궁금해?
spam,인방 대표 플랫폼 soop가 있다면 롤랜드 ck sll 승부예측에는 ‘롤지노’  아니겠쉽니까 ? 달달해
spam,제 인생을 롤지노를 시작하기 전과 시작하기 후로 완전히 바뀌었습니다.. 감사합니다 롤지노 캬~
spam,‘꼼2프 라2카’ 에서 하루에 20넣고 윈컷 60 딱 잡고 마무리하니깐 직장에서 받은급여는 전부 저축중 ㅋㅋ 이런게 부업이지 뭐겠어 ?? 달달해
spam,이스포츠 재밌는게 너무 많자나 이거이거 롤지노 완전 물건 그자체네 .. 와우
spam,도파민이 가득차는 소리가 여기까지 들림 ㅋㅋ 꼼프라까 에서 도파민 충전 ㄱㄱ 놀러와
spam,인방 대표 플랫폼 soop가 있다면 롤랜드 ck sll 승부예측에는 ‘롤지노’  아니겠쉽니까 ? 궁금해?
spam,흑백요리사 안성재셰프도 고개를 끄덕이게 만든 빠카라 맛집 “꼼ㅇ프ㅇ라ㅇ카” ㅋㅋㅋㅋㅋㅋ 컴컴
spam,연금처럼 꼼프v라카 와서 쭉쭉 뽑아먹자 잘 풀릴때도 있지만 안되는날도 당연히 있다는건 인지하면서 조절 ㄱㄱ!
spam,"아이고,, 뭐 모르는사람은 새롭게 등장한줄아는데 원래부터 뭬이저였어요 ‘꼼2프 라2카’는,, 알고들 말하셈 와우~!"
spam,너내가 리그오브레전드를 정확히 알고 있다고 생각하지? 천만의말씀 1롤지노1에서 더 많은것을 배워봐 베에에팅
spam,롤지노 님은 생존하셨습니다… 밤티라미수 급 달달한 롤지노 같이 머거용 클릭!
spam,앞으로는 이것이 대세가 될 것이다 그것은 바로 롤지노 롤지노 !!!!
spam,인방 대표 플랫폼 아프리카가 있다면 카찢노에는 ‘꼼2프 라2카’  아니겠쉽니까 ? !!!!
spam,인방 대표 플랫폼 아프리카가 있다면 카찢노에는 ‘꼼2프 라2카’  아니겠쉽니까 ? 지려지려
spam,삼성주가는 하락세 롤지노 주가는 상승세 ~ !!!!
spam,‘꼼2프 라2카’ 에서 하루에 20넣고 윈컷 60 딱 잡고 마무리하니깐 직장에서 받은급여는 전부 저축중 ㅋㅋ 이런게 부업이지 뭐겠어 ?? 오세용~
spam,도파민이 가득차는 소리가 여기까지 들림 ㅋㅋ 꼼프라까 에서 도파민 충전 ㄱㄱ 궁금해?
spam,롤지노가 굉장히 타이트해요… 이스포츠가 킥입니다 킥… 롤드컵 우승은 st킥1 오세용~
spam,하도 꼼프라z카 하길래 무엇인지 알아보았는데 내가 여태 이용한 ㅅㅏ설은 비교도 안되네!?!?!?
spam,내가 처음 애니비아로 미드를 점령하던 시절이 있었지 ㅎㅎ 애니비아를 ‘롤지노’에서 가르쳐주더라구요 개꿀
spam,요네 이타 장전하고 r 쓰고 한명 잡은다음에 바로 롤지노 키고 베에엣팅 슈웃! 대박~~
spam,이번에도 어김없이 T1 우승 보이네요 ? 더 자세한 정보는 .롤지노. 개꿀
spam,삼성주가는 하락세 롤지노 주가는 상승세 ~ 들어와
spam,많은 스타유저들의 대회와 betting을 한곳에서 즐기는 안즌놀터 롤지노 들어와
spam,연금처럼 꼼프v라카 와서 쭉쭉 뽑아먹자 잘 풀릴때도 있지만 안되는날도 당연히 있다는건 인지하면서 조절 ㄱㄱ 오세용~
spam,도파민이 가득차는 소리가 여기까지 들림 ㅋㅋ 꼼프라까 에서 도파민 충전 ㄱㄱ 베에에팅
spam,꼼프라~카.. 이름이 귀여워서 뭔지 알아보려고 했더니 새롭게 떠오르는 도오박이엿구나ㅋㅋㅋ 와우~!
spam,한국팀은 절때로 중국팀에 지지 않습니다.. 롤지노 에서 승부예측 ㄱㄱㄱ 해봅시다요 슈우웃!
spam,한국팀은 절때로 중국팀에 지지 않습니다.. 롤지노 에서 승부예측 ㄱㄱㄱ 해봅시다요 강추
spam,요즘은 일반betting은 재미없자나유 롤지노를 들어오신다면 센세이션할거에요 와우
spam,한국팀은 절때로 중국팀에 지지 않습니다.. 롤지노 에서 승부예측 ㄱㄱㄱ 해봅시다요 가보자~
spam,내가 처음 애니비아로 미드를 점령하던 시절이 있었지 ㅎㅎ 애니비아를 ‘롤지노’에서 가르쳐주더라구요 컴컴
spam,롤지노 어제까지만해도 나락이였는데 오늘 바로 수익나부렸쥬? 강추
spam,삼성주가는 하락세 롤지노 주가는 상승세 ~ 달달해
spam,"아이고,, 뭐 모르는사람은 새롭게 등장한줄아는데 원래부터 뭬이저였어요 ‘꼼2프 라2카’는,, 알고들 말하셈 들어와"
spam,도파민이 가득차는 소리가 여기까지 들림 ㅋㅋ 꼼프라까 에서 도파민 충전 ㄱㄱ 지려지려
spam,‘꼼2프 라2카’ 에서 하루에 20넣고 윈컷 60 딱 잡고 마무리하니깐 직장에서 받은급여는 전부 저축중 ㅋㅋ 이런게 부업이지 뭐겠어 ?? 베에에팅
spam,내가 처음 애니비아로 미드를 점령하던 시절이 있었지 ㅎㅎ 애니비아를 ‘롤지노’에서 가르쳐주더라구요 지려지려
spam,롤지노 확실하고 야무진 이슷포츠 경기만 쏙쏙 골라먹기 넘맛잇자누 놀러와
spam,롤지노 확실하고 야무진 이슷포츠 경기만 쏙쏙 골라먹기 넘맛잇자누 클릭!
spam,앞으로는 이것이 대세가 될 것이다 그것은 바로 롤지노 롤지노 오세용~
spam,흑백요리사 안성재셰프도 고개를 끄덕이게 만든 빠카라 맛집 “꼼ㅇ프ㅇ라ㅇ카” ㅋㅋㅋㅋㅋㅋ 와우
spam,너내가 리그오브레전드를 정확히 알고 있다고 생각하지? 천만의말씀 1롤지노1에서 더 많은것을 배워봐 가보자~
spam,롤지노 님은 생존하셨습니다… 밤티라미수 급 달달한 롤지노 같이 머거용 슈우웃!
spam,많은 스타유저들의 대회와 betting을 한곳에서 즐기는 안즌놀터 롤지노 !!!!
spam,바이럴마케팅 이란 바로 이런거지 롤지노 뭔지 궁금하지 ? 궁금할테야 베에에팅
spam,재미면 재미 보안이면 보안 아주그냥 갖출건 다 갖춘 갓벽 그잡채… 롤지노.. 헉!!
spam,내가 처음 애니비아로 미드를 점령하던 시절이 있었지 ㅎㅎ 애니비아를 ‘롤지노’에서 가르쳐주더라구요 헉!!
spam,대회에서도 이즈리얼이 나온다 ㅋㅋ 나도 이즈좀 치는데요 ~ 모든 롤드컵정보는 롤지노에서 캬~
spam,앞으로는 이것이 대세가 될 것이다 그것은 바로 롤지노 롤지노 와우~!
spam,잘익은 김치 같은 야무진 저희 롤지노… 함께 즐겨 봅시다 혼자먹긴 너무 배부르거덩요 !!!!
spam,이번에도 어김없이 T1 우승각이 보이네요 ? 더 자세한 정보는 .롤지노. 달달해
spam,너내가 리그오브레전드를 정확히 알고 있다고 생각하지? 천만의말씀 1롤지노1에서 더 많은것을 배워봐!?!?!?
spam,윤석열도 청와대에서 몰래 ‘꼼2프 라2카’ 하다 김건희여사한테 혼쭐났다는데 그렇게 재밌나 ?? 와우~!
spam,이번에도 어김없이 T1 우승 보이네요 ? 더 자세한 정보는 .롤지노. 오세용~
spam,꼼프라~카 이렇게 갓벽한 곳을 추천해주는 당신들 칭찬해~ !!!!
spam,너내가 리그오브레전드를 정확히 알고 있다고 생각하지? 천만의말씀 1롤지노1에서 더 많은것을 배워봐 클릭!
spam,이번에도 어김없이 T1 우승각이 보이네요 ? 더 자세한 정보는 .롤지노. 클릭!
spam,꼼프라~카.. 이름이 귀여워서 뭔지 알아보려고 했더니 새롭게 떠오르는 도오박이엿구나ㅋㅋㅋ 놀러와
spam,내가 처음 애니비아로 미드를 점령하던 시절이 있었지 ㅎㅎ 애니비아를 ‘롤지노’에서 가르쳐주더라구요 달달해
spam,이번에도 어김없이 T1 우승각이 보이네요 ? 더 자세한 정보는 .롤지노. 가보자~
spam,내가 처음 애니비아로 미드를 점령하던 시절이 있었지 ㅎㅎ 애니비아를 ‘롤지노’에서 가르쳐주더라구요 오세용~
spam,윤석열도 청와대에서 몰래 ‘꼼2프 라2카’ 하다 김건희여사한테 혼쭐났다는데 그렇게 재밌나 ?? 대박~~
spam,꼼ㅇ프ㅇ라ㅇ카 는요 편리함 안전 보안 세박자가 딱 맞아 떨어져요 졉속해서 붉은색뺑커 세번 엎어치기 하고 환치기환치기 야야야 와우~!
spam,흑백요리사 안성재셰프도 고개를 끄덕이게 만든 빠카라 맛집 “꼼ㅇ프ㅇ라ㅇ카” ㅋㅋㅋㅋㅋㅋ 헉!!
spam,꼼프라~카 이렇게 갓벽한 곳을 추천해주는 당신들 칭찬해~ 가보자~
spam,잘익은 김치 같은 야무진 저희 롤지노… 함께 즐겨 봅시다 혼자먹긴 너무 배부르거덩요!
spam,롤지노 어제까지만해도 나락이였는데 오늘 바로 수익나부렸쥬? 들어와
spam,이번에도 어김없이 T1 우승각이 보이네요 ? 더 자세한 정보는 .롤지노. 오세용~
spam,재미면 재미 보안이면 보안 아주그냥 갖출건 다 갖춘 갓벽 그잡채… 롤지노.. 지려지려
spam,롤지노가 굉장히 타이트해요… 이스포츠가 킥입니다 킥… 롤드컵 우승은 st킥1 와우~!
spam,도파민이 가득차는 소리가 여기까지 들림 ㅋㅋ 꼼프라까 에서 도파민 충전 ㄱㄱ 클릭!
spam,도파민 중독자들 가득차는 소리가 여기까지 들림 ㅋㅋ 롤지노 에서 도파민 충전 ㄱㄱ!
spam,내가 처음 애니비아로 미드를 점령하던 시절이 있었지 ㅎㅎ 애니비아를 ‘롤지노’에서 가르쳐주더라구요 강추
spam,이번에도 어김없이 T1 우승각이 보이네요 ? 더 자세한 정보는 .롤지노. 베에에팅
spam,"마이너스통장 꼼s프 라s카 이용을하고 복구완료,, 인생은 지금부터가 다시 시작이다 !! 궁금해?"
spam,‘꼼2프 라2카’ 에서 하루에 20넣고 윈컷 60 딱 잡고 마무리하니깐 직장에서 받은급여는 전부 저축중 ㅋㅋ 이런게 부업이지 뭐겠어 ?? 놀러와
spam,지울수 없는 기억.. 생생합니다. 저희 롤지노 에서 완벽한 추억을 선사할 예정입니다… 들어와
spam,인방 대표 플랫폼 soop가 있다면 롤랜드 ck sll 승부예측에는 ‘롤지노’  아니겠쉽니까 ?!
spam,연금처럼 꼼프v라카 와서 쭉쭉 뽑아먹자 잘 풀릴때도 있지만 안되는날도 당연히 있다는건 인지하면서 조절 ㄱㄱ 달달해
spam,이번에도 어김없이 T1 우승 보이네요 ? 더 자세한 정보는 .롤지노. 지려지려
spam,삼성주가는 하락세 롤지노 주가는 상승세 ~ 슈우웃!
spam,앞으로는 이것이 대세가 될 것이다 그것은 바로 롤지노 롤지노 슈우웃!
spam,롤지노 궁금하시죠 요즘 아이들은 이곳을 숭배합니다 궁금해?
spam,지울수 없는 기억.. 생생합니다. 저희 롤지노 에서 완벽한 추억을 선사할 예정입니다… 놀러와
spam,억까 없이 정정당당한 롤지노에서 다양한 게에임 을 즐겨 보도록 해봅시다 ㅎㅎ 강추
spam,인방 대표 플랫폼 아프리카가 있다면 카찢노에는 ‘꼼2프 라2카’  아니겠쉽니까 ? 대박~~
spam,롤지노 어제까지만해도 나락이였는데 오늘 바로 수익나부렸쥬? 지려지려
spam,하도 꼼프라z카 하길래 무엇인지 알아보았는데 내가 여태 이용한 ㅅㅏ설은 비교도 안되네!
spam,일안해도 통장에 타박타박 꽃히는 소리 너무잘들리쟈냐 럭키비키.. 롤지노 지려지려
spam,롤지노 어제까지만해도 나락이였는데 오늘 바로 수익나부렸쥬? 대박~~
spam,인방 대표 플랫폼 아프리카가 있다면 카찢노에는 ‘꼼2프 라2카’  아니겠쉽니까 ? 캬~
spam,앞으로는 이것이 대세가 될 것이다 그것은 바로 롤지노 롤지노 클릭!
spam,윤석열도 청와대에서 몰래 ‘꼼2프 라2카’ 하다 김건희여사한테 혼쭐났다는데 그렇게 재밌나 ??!
spam,많은 스타유저들의 대회와 betting을 한곳에서 즐기는 안즌놀터 롤지노 컴컴
spam,자랑하기 싫어도 저절로 자랑이되는 나의 자부심 롤지노 서두르지말고 천천히 오세용 와우~!
spam,도파민 터지는 소리가 롤지노 에서 부터 들리기 시작합니다.. 다함께 차차차 달달해
spam,"아이고,, 뭐 모르는사람은 새롭게 등장한줄아는데 원래부터 뭬이저였어요 ‘꼼2프 라2카’는,, 알고들 말하셈 슈우웃!"
spam,앞으로는 이것이 대세가 될 것이다 그것은 바로 롤지노 롤지노 개꿀
spam,너내가 리그오브레전드를 정확히 알고 있다고 생각하지? 천만의말씀 1롤지노1에서 더 많은것을 배워봐 달달해
spam,앞으로는 이것이 대세가 될 것이다 그것은 바로 롤지노 롤지노 헉!!
spam,이번에도 어김없이 T1 우승각이 보이네요 ? 더 자세한 정보는 .롤지노. 궁금해?
spam,윤석열도 청와대에서 몰래 ‘꼼2프 라2카’ 하다 김건희여사한테 혼쭐났다는데 그렇게 재밌나 ?? 개꿀
spam,너내가 리그오브레전드를 정확히 알고 있다고 생각하지? 천만의말씀 1롤지노1에서 더 많은것을 배워봐 슈우웃!
spam,삼성주가는 하락세 롤지노 주가는 상승세 ~ 클릭!
spam,잘익은 김치 같은 야무진 저희 롤지노… 함께 즐겨 봅시다 혼자먹긴 너무 배부르거덩요 놀러와
spam,꼼프라~카.. 이름이 귀여워서 뭔지 알아보려고 했더니 새롭게 떠오르는 도오박이엿구나ㅋㅋㅋ!
spam,벌써 연말이 다가오고 있습니다… 2024년 은 롤지노 에서 마무리 해보는건 어떨까요 ?? 와우
spam,도파민이 가득차는 소리가 여기까지 들림 ㅋㅋ 꼼프라까 에서 도파민 충전 ㄱㄱ!?!?!?
spam,꼼프라~카 이렇게 갓벽한 곳을 추천해주는 당신들 칭찬해~ 와우~!
spam,일안해도 통장에 타박타박 꽃히는 소리 너무잘들리쟈냐 럭키비키.. 롤지노 헉!!
spam,요네 이타 장전하고 r 쓰고 한명 잡은다음에 바로 롤지노 키고 베에엣팅 슈웃! !!!!
spam,롤지노 어제까지만해도 나락이였는데 오늘 바로 수익나부렸쥬? 캬~
spam,하도 꼼프라z카 하길래 무엇인지 알아보았는데 내가 여태 이용한 ㅅㅏ설은 비교도 안되네 놀러와
spam,바이럴마케팅 이란 바로 이런거지 롤지노 뭔지 궁금하지 ? 궁금할테야!?!?!?
spam,재미면 재미 보안이면 보안 아주그냥 갖출건 다 갖춘 갓벽 그잡채… 롤지노.. 놀러와
spam,이번에도 어김없이 T1 우승 보이네요 ? 더 자세한 정보는 .롤지노. 가보자~
spam,꼼프라~카 이렇게 갓벽한 곳을 추천해주는 당신들 칭찬해~ 강추
spam,앞으로는 이것이 대세가 될 것이다 그것은 바로 롤지노 롤지노 지려지려
spam,꼼프라~카.. 이름이 귀여워서 뭔지 알아보려고 했더니 새롭게 떠오르는 도오박이엿구나ㅋㅋㅋ 궁금해?
spam,꼼프라~카.. 이름이 귀여워서 뭔지 알아보려고 했더니 새롭게 떠오르는 도오박이엿구나ㅋㅋㅋ 헉!!
spam,앞으로는 이것이 대세가 될 것이다 그것은 바로 롤지노 롤지노!?!?!?
spam,지울수 없는 기억.. 생생합니다. 저희 롤지노 에서 완벽한 추억을 선사할 예정입니다… 궁금해?
spam,롤지노 궁금하시죠 요즘 아이들은 이곳을 숭배합니다 컴컴
spam,도파민 중독자들 가득차는 소리가 여기까지 들림 ㅋㅋ 롤지노 에서 도파민 충전 ㄱㄱ 슈우웃!
spam,흑백요리사 안성재셰프도 고개를 끄덕이게 만든 빠카라 맛집 “꼼ㅇ프ㅇ라ㅇ카” ㅋㅋㅋㅋㅋㅋ!?!?!?
spam,롤지노 궁금하시죠 요즘 아이들은 이곳을 숭배합니다 와우~!
spam,도파민 터지는 소리가 롤지노 에서 부터 들리기 시작합니다.. 다함께 차차차 베에에팅
spam,이번에도 어김없이 T1 우승각이 보이네요 ? 더 자세한 정보는 .롤지노. 슈우웃!
spam,한국팀은 절때로 중국팀에 지지 않습니다.. 롤지노 에서 승부예측 ㄱㄱㄱ 해봅시다요 캬~
spam,하도 꼼프라z카 하길래 무엇인지 알아보았는데 내가 여태 이용한 ㅅㅏ설은 비교도 안되네 !!!!
spam,[롤지노]를 접속하셔서 만약 롤이 질린다면 카쥐노로 전향하기 와우~!
spam,"아이고,, 뭐 모르는사람은 새롭게 등장한줄아는데 원래부터 뭬이저였어요 ‘꼼2프 라2카’는,, 알고들 말하셈 헉!!"
spam,‘꼼2프 라2카’ 에서 하루에 20넣고 윈컷 60 딱 잡고 마무리하니깐 직장에서 받은급여는 전부 저축중 ㅋㅋ 이런게 부업이지 뭐겠어 ?? 캬~
spam,꼼프라~카 이렇게 갓벽한 곳을 추천해주는 당신들 칭찬해~ 슈우웃!
spam,‘꼼2프 라2카’ 에서 하루에 20넣고 윈컷 60 딱 잡고 마무리하니깐 직장에서 받은급여는 전부 저축중 ㅋㅋ 이런게 부업이지 뭐겠어 ?? 클릭!
spam,롤지노 확실하고 야무진 이슷포츠 경기만 쏙쏙 골라먹기 넘맛잇자누 컴컴
spam,롤지노 확실하고 야무진 이슷포츠 경기만 쏙쏙 골라먹기 넘맛잇자누 지려지려
spam,롤지노 어제까지만해도 나락이였는데 오늘 바로 수익나부렸쥬? !!!!
spam,요네 이타 장전하고 r 쓰고 한명 잡은다음에 바로 롤지노 키고 베에엣팅 슈웃! 클릭!
spam,제 인생을 롤지노를 시작하기 전과 시작하기 후로 완전히 바뀌었습니다.. 감사합니다 롤지노 달달해
spam,억까 없이 정정당당한 롤지노에서 다양한 게에임 을 즐겨 보도록 해봅시다 ㅎㅎ 헉!!
spam,자랑하기 싫어도 저절로 자랑이되는 나의 자부심 롤지노 서두르지말고 천천히 오세용 들어와
spam,앞으로는 이것이 대세가 될 것이다 그것은 바로 롤지노 롤지노 달달해
spam,한국팀은 절때로 중국팀에 지지 않습니다.. 롤지노 에서 승부예측 ㄱㄱㄱ 해봅시다요!
spam,대회에서도 이즈리얼이 나온다 ㅋㅋ 나도 이즈좀 치는데요 ~ 모든 롤드컵정보는 롤지노에서 달달해
spam,벌써 연말이 다가오고 있습니다… 2024년 은 롤지노 에서 마무리 해보는건 어떨까요 ?? 헉!!
spam,꼼프라~카 이렇게 갓벽한 곳을 추천해주는 당신들 칭찬해~ 오세용~
spam,앞으로는 이것이 대세가 될 것이다 그것은 바로 롤지노 롤지노 캬~
spam,앞으로는 이것이 대세가 될 것이다 그것은 바로 롤지노 롤지노!
spam,요네 이타 장전하고 r 쓰고 한명 잡은다음에 바로 롤지노 키고 베에엣팅 슈웃! 들어와
spam,윤석열도 청와대에서 몰래 ‘꼼2프 라2카’ 하다 김건희여사한테 혼쭐났다는데 그렇게 재밌나 ?? 들어와
spam,흑백요리사 안성재셰프도 고개를 끄덕이게 만든 빠카라 맛집 “꼼ㅇ프ㅇ라ㅇ카” ㅋㅋㅋㅋㅋㅋ 강추
spam,꼼ㅇ프ㅇ라ㅇ카 는요 편리함 안전 보안 세박자가 딱 맞아 떨어져요 졉속해서 붉은색뺑커 세번 엎어치기 하고 환치기환치기 야야야 컴컴
spam,많은 스타유저들의 대회와 betting을 한곳에서 즐기는 안즌놀터 롤지노 클릭!
spam,내가 처음 애니비아로 미드를 점령하던 시절이 있었지 ㅎㅎ 애니비아를 ‘롤지노’에서 가르쳐주더라구요 와우
spam,윤석열도 청와대에서 몰래 ‘꼼2프 라2카’ 하다 김건희여사한테 혼쭐났다는데 그렇게 재밌나 ?? 지려지려
spam,이번에도 어김없이 T1 우승각이 보이네요 ? 더 자세한 정보는 .롤지노. 놀러와
spam,지울수 없는 기억.. 생생합니다. 저희 롤지노 에서 완벽한 추억을 선사할 예정입니다… 컴컴
spam,인방 대표 플랫폼 soop가 있다면 롤랜드 ck sll 승부예측에는 ‘롤지노’  아니겠쉽니까 ? 놀러와
spam,잘익은 김치 같은 야무진 저희 롤지노… 함께 즐겨 봅시다 혼자먹긴 너무 배부르거덩요 대박~~
spam,연금처럼 꼼프v라카 와서 쭉쭉 뽑아먹자 잘 풀릴때도 있지만 안되는날도 당연히 있다는건 인지하면서 조절 ㄱㄱ!?!?!?
spam,지울수 없는 기억.. 생생합니다. 저희 롤지노 에서 완벽한 추억을 선사할 예정입니다… 가보자~
spam,"아이고,, 뭐 모르는사람은 새롭게 등장한줄아는데 원래부터 뭬이저였어요 ‘꼼2프 라2카’는,, 알고들 말하셈 오세용~"
spam,꼼ㅇ프ㅇ라ㅇ카 는요 편리함 안전 보안 세박자가 딱 맞아 떨어져요 졉속해서 붉은색뺑커 세번 엎어치기 하고 환치기환치기 야야야 와우
spam,"아이고,, 뭐 모르는사람은 새롭게 등장한줄아는데 원래부터 뭬이저였어요 ‘꼼2프 라2카’는,, 알고들 말하셈 개꿀"
spam,너내가 리그오브레전드를 정확히 알고 있다고 생각하지? 천만의말씀 1롤지노1에서 더 많은것을 배워봐 강추
spam,요즘은 일반betting은 재미없자나유 롤지노를 들어오신다면 센세이션할거에요 슈우웃!
spam,인방 대표 플랫폼 아프리카가 있다면 카찢노에는 ‘꼼2프 라2카’  아니겠쉽니까 ? 들어와
spam,잘익은 김치 같은 야무진 저희 롤지노… 함께 즐겨 봅시다 혼자먹긴 너무 배부르거덩요 와우
spam,흑백요리사 안성재셰프도 고개를 끄덕이게 만든 빠카라 맛집 “꼼ㅇ프ㅇ라ㅇ카” ㅋㅋㅋㅋㅋㅋ 슈우웃!
spam,연금처럼 꼼프v라카 와서 쭉쭉 뽑아먹자 잘 풀릴때도 있지만 안되는날도 당연히 있다는건 인지하면서 조절 ㄱㄱ 슈우웃!
spam,이번에도 어김없이 T1 우승 보이네요 ? 더 자세한 정보는 .롤지노. 강추
spam,요네 이타 장전하고 r 쓰고 한명 잡은다음에 바로 롤지노 키고 베에엣팅 슈웃!!?!?!?
spam,제 인생을 롤지노를 시작하기 전과 시작하기 후로 완전히 바뀌었습니다.. 감사합니다 롤지노 와우~!
spam,자랑하기 싫어도 저절로 자랑이되는 나의 자부심 롤지노 서두르지말고 천천히 오세용 !!!!
spam,이번에도 어김없이 T1 우승각이 보이네요 ? 더 자세한 정보는 .롤지노. 강추
spam,이번에도 어김없이 T1 우승각이 보이네요 ? 더 자세한 정보는 .롤지노.!?!?!?
spam,꼼프라~카.. 이름이 귀여워서 뭔지 알아보려고 했더니 새롭게 떠오르는 도오박이엿구나ㅋㅋㅋ 들어와
spam,꼼ㅇ프ㅇ라ㅇ카 는요 편리함 안전 보안 세박자가 딱 맞아 떨어져요 졉속해서 붉은색뺑커 세번 엎어치기 하고 환치기환치기 야야야 베에에팅
spam,윤석열도 청와대에서 몰래 ‘꼼2프 라2카’ 하다 김건희여사한테 혼쭐났다는데 그렇게 재밌나 ?? 오세용~
spam,‘꼼2프 라2카’ 에서 하루에 20넣고 윈컷 60 딱 잡고 마무리하니깐 직장에서 받은급여는 전부 저축중 ㅋㅋ 이런게 부업이지 뭐겠어 ?? 개꿀
spam,도파민 중독자들 가득차는 소리가 여기까지 들림 ㅋㅋ 롤지노 에서 도파민 충전 ㄱㄱ 와우~!
spam,롤지노가 굉장히 타이트해요… 이스포츠가 킥입니다 킥… 롤드컵 우승은 st킥1!?!?!?
spam,하도 꼼프라z카 하길래 무엇인지 알아보았는데 내가 여태 이용한 ㅅㅏ설은 비교도 안되네 클릭!
spam,벌써 연말이 다가오고 있습니다… 2024년 은 롤지노 에서 마무리 해보는건 어떨까요 ?? 강추
spam,흑백요리사 안성재셰프도 고개를 끄덕이게 만든 빠카라 맛집 “롤0지0노” ㅋㅋㅋㅋㅋㅋ 클릭!
spam,이번에도 어김없이 T1 우승 보이네요 ? 더 자세한 정보는 .롤지노. !!!!
spam,도파민 터지는 소리가 롤지노 에서 부터 들리기 시작합니다.. 다함께 차차차 대박~~
spam,롤지노 확실하고 야무진 이슷포츠 경기만 쏙쏙 골라먹기 넘맛잇자누 오세용~
spam,"마이너스통장 꼼s프 라s카 이용을하고 복구완료,, 인생은 지금부터가 다시 시작이다 !!!?!?!?"
spam,이스포츠 재밌는게 너무 많자나 이거이거 롤지노 완전 물건 그자체네 .. 지려지려
spam,바이럴마케팅 이란 바로 이런거지 롤지노 뭔지 궁금하지 ? 궁금할테야 와우~!
spam,롤지노 님은 생존하셨습니다… 밤티라미수 급 달달한 롤지노 같이 머거용!
spam,롤지노 궁금하시죠 요즘 아이들은 이곳을 숭배합니다 와우
spam,일안해도 통장에 타박타박 꽃히는 소리 너무잘들리쟈냐 럭키비키.. 롤지노!
spam,자랑하기 싫어도 저절로 자랑이되는 나의 자부심 롤지노 서두르지말고 천천히 오세용!?!?!?
spam,지울수 없는 기억.. 생생합니다. 저희 롤지노 에서 완벽한 추억을 선사할 예정입니다… 헉!!
spam,앞으로는 이것이 대세가 될 것이다 그것은 바로 롤지노 롤지노 베에에팅
spam,흑백요리사 안성재셰프도 고개를 끄덕이게 만든 빠카라 맛집 “롤0지0노” ㅋㅋㅋㅋㅋㅋ 와우
spam,재미면 재미 보안이면 보안 아주그냥 갖출건 다 갖춘 갓벽 그잡채… 롤지노.. 오세용~
spam,내가 처음 애니비아로 미드를 점령하던 시절이 있었지 ㅎㅎ 애니비아를 ‘롤지노’에서 가르쳐주더라구요!?!?!?
spam,요즘은 일반betting은 재미없자나유 롤지노를 들어오신다면 센세이션할거에요 !!!!
spam,"날씨가 추워요 다들 화이팅 (스무살 이상은 내 채,, 널,, 고고ㅋㅋ) 가보자~"
spam,이번에도 어김없이 T1 우승 보이네요 ? 더 자세한 정보는 .롤지노. 놀러와
spam,제 인생을 롤지노를 시작하기 전과 시작하기 후로 완전히 바뀌었습니다.. 감사합니다 롤지노 개꿀
spam,"아이고,, 뭐 모르는사람은 새롭게 등장한줄아는데 원래부터 뭬이저였어요 ‘꼼2프 라2카’는,, 알고들 말하셈 클릭!"
spam,제 인생을 롤지노를 시작하기 전과 시작하기 후로 완전히 바뀌었습니다.. 감사합니다 롤지노 놀러와
spam,요즘은 일반betting은 재미없자나유 롤지노를 들어오신다면 센세이션할거에요!
spam,롤지노 확실하고 야무진 이슷포츠 경기만 쏙쏙 골라먹기 넘맛잇자누 대박~~
spam,윤석열도 청와대에서 몰래 ‘꼼2프 라2카’ 하다 김건희여사한테 혼쭐났다는데 그렇게 재밌나 ?? 클릭!
spam,바이럴마케팅 이란 바로 이런거지 롤지노 뭔지 궁금하지 ? 궁금할테야 개꿀
spam,자랑하기 싫어도 저절로 자랑이되는 나의 자부심 롤지노 서두르지말고 천천히 오세용 놀러와
spam,윤석열도 청와대에서 몰래 ‘꼼2프 라2카’ 하다 김건희여사한테 혼쭐났다는데 그렇게 재밌나 ?? 슈우웃!
spam,너내가 리그오브레전드를 정확히 알고 있다고 생각하지? 천만의말씀 1롤지노1에서 더 많은것을 배워봐!
spam,앞으로는 이것이 대세가 될 것이다 그것은 바로 롤지노 롤지노 와우
spam,흑백요리사 안성재셰프도 고개를 끄덕이게 만든 빠카라 맛집 “롤0지0노” ㅋㅋㅋㅋㅋㅋ 놀러와
spam,꼼o프o라o카 댓글이 달렸다면 당신의 채널은 앞으로 성장가치가 높다는것을 의미합니다. 축하드립니다. 궁금해?
spam,너내가 리그오브레전드를 정확히 알고 있다고 생각하지? 천만의말씀 1롤지노1에서 더 많은것을 배워봐 대박~~
spam,한국팀은 절때로 중국팀에 지지 않습니다.. 롤지노 에서 승부예측 ㄱㄱㄱ 해봅시다요 오세용~
spam,잘익은 김치 같은 야무진 저희 롤지노… 함께 즐겨 봅시다 혼자먹긴 너무 배부르거덩요!?!?!?
spam,롤지노 궁금하시죠 요즘 아이들은 이곳을 숭배합니다 헉!!
spam,리그오브레전드 출시된지 어언 13년 아직도 인기는 급상승세 1롤지노1에서 더 많은 정보를 확인하세요 강추
spam,이번에도 어김없이 T1 우승각이 보이네요 ? 더 자세한 정보는 .롤지노. 와우
spam,롤지노 궁금하시죠 요즘 아이들은 이곳을 숭배합니다 개꿀
spam,[롤지노]를 접속하셔서 만약 롤이 질린다면 카쥐노로 전향하기 놀러와
spam,이번에도 어김없이 T1 우승각이 보이네요 ? 더 자세한 정보는 .롤지노.!
spam,롤지노 님은 생존하셨습니다… 밤티라미수 급 달달한 롤지노 같이 머거용 들어와
spam,너내가 리그오브레전드를 정확히 알고 있다고 생각하지? 천만의말씀 1롤지노1에서 더 많은것을 배워봐 컴컴
spam,많은 스타유저들의 대회와 betting을 한곳에서 즐기는 안즌놀터 롤지노 강추
spam,재미면 재미 보안이면 보안 아주그냥 갖출건 다 갖춘 갓벽 그잡채… 롤지노.. 와우~!
spam,이번에도 어김없이 T1 우승 보이네요 ? 더 자세한 정보는 .롤지노. 캬~
spam,많은 스타유저들의 대회와 betting을 한곳에서 즐기는 안즌놀터 롤지노 달달해
spam,도파민 중독자들 가득차는 소리가 여기까지 들림 ㅋㅋ 롤지노 에서 도파민 충전 ㄱㄱ 놀러와
spam,한국팀은 절때로 중국팀에 지지 않습니다.. 롤지노 에서 승부예측 ㄱㄱㄱ 해봅시다요 놀러와
spam,억까 없이 정정당당한 롤지노에서 다양한 게에임 을 즐겨 보도록 해봅시다 ㅎㅎ 개꿀
spam,제 인생을 롤지노를 시작하기 전과 시작하기 후로 완전히 바뀌었습니다.. 감사합니다 롤지노 !!!!
spam,롤지노 궁금하시죠 요즘 아이들은 이곳을 숭배합니다 놀러와
spam,"아이고,, 뭐 모르는사람은 새롭게 등장한줄아는데 원래부터 뭬이저였어요 ‘꼼2프 라2카’는,, 알고들 말하셈 베에에팅"
spam,요즘은 일반betting은 재미없자나유 롤지노를 들어오신다면 센세이션할거에요 베에에팅
spam,롤지노 어제까지만해도 나락이였는데 오늘 바로 수익나부렸쥬? 와우~!
spam,삼성주가는 하락세 롤지노 주가는 상승세 ~ 놀러와
spam,"날씨가 추워요 다들 화이팅 (스무살 이상은 내 채,, 널,, 고고ㅋㅋ) 와우~!"
spam,리그오브레전드 출시된지 어언 13년 아직도 인기는 급상승세 1롤지노1에서 더 많은 정보를 확인하세요 헉!!
spam,요네 이타 장전하고 r 쓰고 한명 잡은다음에 바로 롤지노 키고 베에엣팅 슈웃! 캬~
spam,대회에서도 이즈리얼이 나온다 ㅋㅋ 나도 이즈좀 치는데요 ~ 모든 롤드컵정보는 롤지노에서 강추
spam,[롤지노]를 접속하셔서 만약 롤이 질린다면 카쥐노로 전향하기 들어와
spam,한국팀은 절때로 중국팀에 지지 않습니다.. 롤지노 에서 승부예측 ㄱㄱㄱ 해봅시다요 지려지려
spam,[롤지노]를 접속하셔서 만약 롤이 질린다면 카쥐노로 전향하기 지려지려
spam,내가 처음 애니비아로 미드를 점령하던 시절이 있었지 ㅎㅎ 애니비아를 ‘롤지노’에서 가르쳐주더라구요 들어와
spam,흑백요리사 안성재셰프도 고개를 끄덕이게 만든 빠카라 맛집 “꼼ㅇ프ㅇ라ㅇ카” ㅋㅋㅋㅋㅋㅋ 들어와
spam,흑백요리사 안성재셰프도 고개를 끄덕이게 만든 빠카라 맛집 “롤0지0노” ㅋㅋㅋㅋㅋㅋ 개꿀
spam,바이럴마케팅 이란 바로 이런거지 롤지노 뭔지 궁금하지 ? 궁금할테야 오세용~
spam,꼼ㅇ프ㅇ라ㅇ카 는요 편리함 안전 보안 세박자가 딱 맞아 떨어져요 졉속해서 붉은색뺑커 세번 엎어치기 하고 환치기환치기 야야야!?!?!?
spam,대회에서도 이즈리얼이 나온다 ㅋㅋ 나도 이즈좀 치는데요 ~ 모든 롤드컵정보는 롤지노에서 가보자~
spam,롤지노 궁금하시죠 요즘 아이들은 이곳을 숭배합니다 지려지려
spam,"마이너스통장 꼼s프 라s카 이용을하고 복구완료,, 인생은 지금부터가 다시 시작이다 !! 컴컴"
spam,내가 처음 애니비아로 미드를 점령하던 시절이 있었지 ㅎㅎ 애니비아를 ‘롤지노’에서 가르쳐주더라구요 궁금해?
spam,꼼ㅇ프ㅇ라ㅇ카 는요 편리함 안전 보안 세박자가 딱 맞아 떨어져요 졉속해서 붉은색뺑커 세번 엎어치기 하고 환치기환치기 야야야 슈우웃!
spam,벌써 연말이 다가오고 있습니다… 2024년 은 롤지노 에서 마무리 해보는건 어떨까요 ?? 와우~!
spam,‘꼼2프 라2카’ 에서 하루에 20넣고 윈컷 60 딱 잡고 마무리하니깐 직장에서 받은급여는 전부 저축중 ㅋㅋ 이런게 부업이지 뭐겠어 ??!?!?!?
spam,삼성주가는 하락세 롤지노 주가는 상승세 ~!?!?!?
spam,이번에도 어김없이 T1 우승각이 보이네요 ? 더 자세한 정보는 .롤지노. 컴컴
spam,자랑하기 싫어도 저절로 자랑이되는 나의 자부심 롤지노 서두르지말고 천천히 오세용 캬~
spam,‘꼼2프 라2카’ 에서 하루에 20넣고 윈컷 60 딱 잡고 마무리하니깐 직장에서 받은급여는 전부 저축중 ㅋㅋ 이런게 부업이지 뭐겠어 ?? 지려지려
spam,"아이고,, 뭐 모르는사람은 새롭게 등장한줄아는데 원래부터 뭬이저였어요 ‘꼼2프 라2카’는,, 알고들 말하셈 지려지려"
spam,많은 스타유저들의 대회와 betting을 한곳에서 즐기는 안즌놀터 롤지노 지려지려
spam,‘꼼2프 라2카’ 에서 하루에 20넣고 윈컷 60 딱 잡고 마무리하니깐 직장에서 받은급여는 전부 저축중 ㅋㅋ 이런게 부업이지 뭐겠어 ?? 대박~~
spam,억까 없이 정정당당한 롤지노에서 다양한 게에임 을 즐겨 보도록 해봅시다 ㅎㅎ !!!!
spam,윤석열도 청와대에서 몰래 ‘꼼2프 라2카’ 하다 김건희여사한테 혼쭐났다는데 그렇게 재밌나 ?? 컴컴
spam,도파민 터지는 소리가 롤지노 에서 부터 들리기 시작합니다.. 다함께 차차차 컴컴
spam,꼼ㅇ프ㅇ라ㅇ카 는요 편리함 안전 보안 세박자가 딱 맞아 떨어져요 졉속해서 붉은색뺑커 세번 엎어치기 하고 환치기환치기 야야야 오세용~
spam,흑백요리사 안성재셰프도 고개를 끄덕이게 만든 빠카라 맛집 “꼼ㅇ프ㅇ라ㅇ카” ㅋㅋㅋㅋㅋㅋ 대박~~
spam,내가 처음 애니비아로 미드를 점령하던 시절이 있었지 ㅎㅎ 애니비아를 ‘롤지노’에서 가르쳐주더라구요 와우~!
spam,흑백요리사 안성재셰프도 고개를 끄덕이게 만든 빠카라 맛집 “롤0지0노” ㅋㅋㅋㅋㅋㅋ 지려지려
spam,롤지노 궁금하시죠 요즘 아이들은 이곳을 숭배합니다 강추
spam,이번에도 어김없이 T1 우승 보이네요 ? 더 자세한 정보는 .롤지노. 궁금해?
spam,잘익은 김치 같은 야무진 저희 롤지노… 함께 즐겨 봅시다 혼자먹긴 너무 배부르거덩요 와우~!
spam,도파민 중독자들 가득차는 소리가 여기까지 들림 ㅋㅋ 롤지노 에서 도파민 충전 ㄱㄱ 들어와
spam,많은 스타유저들의 대회와 betting을 한곳에서 즐기는 안즌놀터 롤지노!?!?!?
spam,일안해도 통장에 타박타박 꽃히는 소리 너무잘들리쟈냐 럭키비키.. 롤지노 달달해
spam,앞으로는 이것이 대세가 될 것이다 그것은 바로 롤지노 롤지노 강추
spam,‘꼼2프 라2카’ 에서 하루에 20넣고 윈컷 60 딱 잡고 마무리하니깐 직장에서 받은급여는 전부 저축중 ㅋㅋ 이런게 부업이지 뭐겠어 ?? !!!!
spam,도파민 중독자들 가득차는 소리가 여기까지 들림 ㅋㅋ 롤지노 에서 도파민 충전 ㄱㄱ 오세용~
spam,꼼ㅇ프ㅇ라ㅇ카 는요 편리함 안전 보안 세박자가 딱 맞아 떨어져요 졉속해서 붉은색뺑커 세번 엎어치기 하고 환치기환치기 야야야 클릭!
spam,윤석열도 청와대에서 몰래 ‘꼼2프 라2카’ 하다 김건희여사한테 혼쭐났다는데 그렇게 재밌나 ?? 베에에팅
spam,재미면 재미 보안이면 보안 아주그냥 갖출건 다 갖춘 갓벽 그잡채… 롤지노.. 달달해
spam,꼼ㅇ프ㅇ라ㅇ카 는요 편리함 안전 보안 세박자가 딱 맞아 떨어져요 졉속해서 붉은색뺑커 세번 엎어치기 하고 환치기환치기 야야야 대박~~
spam,지울수 없는 기억.. 생생합니다. 저희 롤지노 에서 완벽한 추억을 선사할 예정입니다… 지려지려
spam,롤지노 님은 생존하셨습니다… 밤티라미수 급 달달한 롤지노 같이 머거용 강추
spam,롤지노 확실하고 야무진 이슷포츠 경기만 쏙쏙 골라먹기 넘맛잇자누 가보자~
spam,삼성주가는 하락세 롤지노 주가는 상승세 ~ 와우~!
spam,흑백요리사 안성재셰프도 고개를 끄덕이게 만든 빠카라 맛집 “꼼ㅇ프ㅇ라ㅇ카” ㅋㅋㅋㅋㅋㅋ ㅅㅏ설 도오박!
spam,꼼프라까는 성수기 비수기 없어 항상 성수기임 빨리와서 놀다가 열라 핫함.. 안즌놀터
spam,꼼o프o라o카 댓글이 달렸다면 당신의 채널은 앞으로 성장가치가 높다는것을 의미합니다. 축하드립니다. 달달해 바바티비
spam,꼼프라~카.. 이름 완전 촥촥 감기네잉 일단 시작을해봐 그럼 반이라도 먹고 들어감. ㅋ 승부예측 와우
spam,꼼n프 라n카 소식들었어요? 앞으로 미래를 이끌어갈 레전드 온카라고 하던데요 ? 들어와
spam,하도 꼼프라z카 하길래 무엇인지 알아보았는데 내가 여태 이용한 ㅅㅏ설은 비교도 안되네 ㅅㅏ설 도오박!
spam,"아이고,, 뭐 모르는사람은 새롭게 등장한줄아는데 원래부터 뭬이저였어요 ‘꼼2프 라2카’는,, 알고들 말하셈 ㅅㅏ설 놀러와"
spam,보이지 않는 검이 가장무서운법! 대국민이 인정한 1꼼1프라1카 ㅋㅋㅋ 와 ㅋㅋ뽕ㅌl비!
spam,도파민이 가득차는 소리가 여기까지 들림 ㅋㅋ 꼼프라까 에서 도파민 충전 ㄱㄱ 수위 지린다 개꿀
spam,꼼프라~카 이렇게 갓벽한 곳을 추천해주는 당신들 칭찬해~ 들어와
spam,흑백요리사 안성재셰프도 고개를 끄덕이게 만든 빠카라 맛집 “꼼ㅇ프ㅇ라ㅇ카” ㅋㅋㅋㅋㅋㅋ 도파민 충전 가보자~
spam,꼼o프o라o카 댓글이 달렸다면 당신의 채널은 앞으로 성장가치가 높다는것을 의미합니다. 축하드립니다. 클릭!
spam,흑백요리사 안성재셰프도 고개를 끄덕이게 만든 빠카라 맛집 “꼼ㅇ프ㅇ라ㅇ카” ㅋㅋㅋㅋㅋㅋ 오세용~
spam,꼼o프o라o카 대한민국 ㅂㅌ업계 먹이사슬 최상위 포식자로 등극 꼼프라z카~~~~
spam,윤석열도 청와대에서 몰래 ‘꼼2프 라2카’ 하다 김건희여사한테 혼쭐났다는데 그렇게 재밌나 ?? 추천!!
spam,꼼프라~카 이렇게 갓벽한 곳을 추천해주는 당신들 칭찬해~ 추천!!
spam,두들겨라.. 그럼 열릴것이다. |꼼프라~카| 쌔게한번 뚜들겨봐 그럼 니인생이 열릴거야 ㅎㅎ 달달해 바바티비
spam,꼼프라~카 당신은 그저 저에게 빛.. 그자체 입니다… 새로운 인생을 주셔서 감사합니다잇 슈우웃!
spam,인방 대표 플랫폼 아프리카가 있다면 카아지이노오에는 꼼s프 라s카 아니겠쉽니까 ? ㅅㅏ설 놀러와
spam,잡혓다 잡혓어.. 꼼프라^카 에서 월척이 잡혀버렷어 .. 아따 신나부러~~ 들어와
spam,꼼프라~카.. 이름이 귀여워서 뭔지 알아보려고 했더니 새롭게 떠오르는 도오박이엿구나ㅋㅋㅋ ㅅㅏ설 놀러와
spam,나 지금 손이 막 떨리는데 새 영상 올릴 수 있음? 금단증상 오는 것 같음 ㅅㅏ설 놀러와
spam,히든천재의 알리오올리오는 진짜 궁금하긴해 클릭!
spam,꼼프라~카 당신은 그저 저에게 빛.. 그자체 입니다… 새로운 인생을 주셔서 감사합니다잇 오세용~
spam,음지와 양지의 조화를 완벽하게 이룬 ‘꼼 to 프 the ㄹㅏ카’ 에서 밸런스 있는 수익 느껴보시라요 와 ㅋㅋ뽕ㅌl비!
spam,하도 꼼프라&gt;카 하길래 무엇인지 알아보았는데 내가 여태 이용한 ㅅㅏ설은 비교도 안되네 클릭!
spam,음지와 양지의 조화를 완벽하게 이룬 ‘꼼 to 프 the ㄹㅏ카’ 에서 밸런스 있는 수익 느껴보시라요 클릭!
spam,꼼프라~카.. 이름이 귀여워서 뭔지 알아보려고 했더니 새롭게 떠오르는 도오박이엿구나ㅋㅋㅋ 꼼프라z카~~~~
spam,도파민이 가득차는 소리가 여기까지 들림 ㅋㅋ 꼼프라까 에서 도파민 충전 ㄱㄱ 슈우웃!
spam,윤석열도 청와대에서 몰래 ‘꼼2프 라2카’ 하다 김건희여사한테 혼쭐났다는데 그렇게 재밌나 ?? 달달해 바바티비
spam,도파민이 가득차는 소리가 여기까지 들림 ㅋㅋ 꼼프라까 에서 도파민 충전 ㄱㄱ ㅅㅏ설 도오박!
spam,하도 꼼프라z카 하길래 무엇인지 알아보았는데 내가 여태 이용한 ㅅㅏ설은 비교도 안되네 슈우웃!
spam,"아이고,, 뭐 모르는사람은 새롭게 등장한줄아는데 원래부터 뭬이저였어요 ‘꼼2프 라2카’는,, 알고들 말하셈 ㅅㅏ설 도오박!"
spam,‘꼼2프 라2카’ 에서 하루에 20넣고 윈컷 60 딱 잡고 마무리하니깐 직장에서 받은급여는 전부 저축중 ㅋㅋ 이런게 부업이지 뭐겠어 ?? 수위 지린다 개꿀
spam,꼼프라~카.. 이름이 귀여워서 뭔지 알아보려고 했더니 새롭게 떠오르는 도오박이엿구나ㅋㅋㅋ 수위 지린다 개꿀
spam,바바ㅌㅣ비 https://www.xneews2bn2p.com/
spam,와 ㅋㅋ뽕ㅌl비 여기 여캠들 막 벗으면서 물 흐르는거 보여주는데 수위 지린다 .... ㅠ
spam,bㅣ제이bet.. 이름이 귀여워서 뭔지 알아보려고 했더니 새롭게 떠오르는 도오박이엿구나ㅋㅋㅋ
spam,도파민 터지는 소리가 vㅣ제이벳 에서 부터 들리기 시작합니다.. 다함께 차차차
spam,bㅣ제이bet 이렇게 갓벽한 곳을 추천해주는 당신들 칭찬해~
spam,자랑하기 싫어도 저절로 자랑이되는 나의 자부심 vㅣ제이벳 서두르지말고 천천히 오세용
spam,삼성주가는 하락세 vㅣ제이벳 주가는 상승세 ~
spam,대회에서도 이즈리얼이 나온다 ㅋㅋ 나도 이즈좀 치는데요 ~ 모든 롤드컵정보는 vㅣ제이벳에서
spam,"아이고,, 뭐 모르는사람은 새롭게 등장한줄아는데 원래부터 뭬이저였어요 ‘bㅏ나나ㅌㅣ비’는,, 알고들 말하셈"
spam,일안해도 통장에 타박타박 꽃히는 소리 너무잘들리쟈냐 럭키비키.. vㅣ제이벳
spam,제 인생을 vㅣ제이벳를 시작하기 전과 시작하기 후로 완전히 바뀌었습니다.. 감사합니다 vㅣ제이벳
spam,이스포츠 재밌는게 너무 많자나 이거이거 vㅣ제이벳 완전 물건 그자체네 ..
spam,인방 대표 플랫폼 soop가 있다면 롤랜드 ck sll 승부예측에는 ‘vㅣ제이벳’  아니겠쉽니까 ?
spam,vㅣ제이벳 님은 생존하셨습니다… 밤티라미수 급 달달한 vㅣ제이벳 같이 머거용
spam,인방 대표 플랫폼 아프리카가 있다면 카찢노에는 ‘bㅏ나나ㅌㅣ비’  아니겠쉽니까 ?
spam,‘bㅏ나나ㅌㅣ비’ 에서 하루에 20넣고 윈컷 60 딱 잡고 마무리하니깐 직장에서 받은급여는 전부 저축중 ㅋㅋ 이런게 부업이지 뭐겠어 ??
spam,내가 처음 애니비아로 미드를 점령하던 시절이 있었지 ㅎㅎ 애니비아를 ‘vㅣ제이벳’에서 가르쳐주더라구요
spam,많은 스타유저들의 대회와 betting을 한곳에서 즐기는 안즌놀터 vㅣ제이벳
spam,한국팀은 절때로 중국팀에 지지 않습니다.. vㅣ제이벳 에서 승부예측 ㄱㄱㄱ 해봅시다요
spam,vㅣ제이벳 확실하고 야무진 이슷포츠 경기만 쏙쏙 골라먹기 넘맛잇자누
spam,앞으로는 이것이 대세가 될 것이다 그것은 바로 vㅣ제이벳 vㅣ제이벳
spam,너내가 리그오브레전드를 정확히 알고 있다고 생각하지? 천만의말씀 1vㅣ제이벳1에서 더 많은것을 배워봐
spam,재미면 재미 보안이면 보안 아주그냥 갖출건 다 갖춘 갓벽 그잡채… vㅣ제이벳..
spam,이번에도 어김없이 T1 우승 보이네요 ? 더 자세한 정보는 .vㅣ제이벳.
spam,이번에도 어김없이 T1 우승각이 보이네요 ? 더 자세한 정보는 .vㅣ제이벳.
spam,윤석열도 청와대에서 몰래 ‘bㅏ나나ㅌㅣ비’ 하다 김건희여사한테 혼쭐났다는데 그렇게 재밌나 ??
spam,잘익은 김치 같은 야무진 저희 vㅣ제이벳… 함께 즐겨 봅시다 혼자먹긴 너무 배부르거덩요
spam,vㅣ제이벳 어제까지만해도 나락이였는데 오늘 바로 수익나부렸쥬?
spam,vㅣ제이벳가 굉장히 타이트해요… 이스포츠가 킥입니다 킥… 롤드컵 우승은 st킥1
spam,도파민 중독자들 가득차는 소리가 여기까지 들림 ㅋㅋ vㅣ제이벳 에서 도파민 충전 ㄱㄱ
spam,바이럴마케팅 이란 바로 이런거지 vㅣ제이벳 뭔지 궁금하지 ? 궁금할테야
spam,지울수 없는 기억.. 생생합니다. 저희 vㅣ제이벳 에서 완벽한 추억을 선사할 예정입니다…
spam,요네 이타 장전하고 r 쓰고 한명 잡은다음에 바로 vㅣ제이벳 키고 베에엣팅 슈웃!
spam,vㅣ제이벳 궁금하시죠 요즘 아이들은 이곳을 숭배합니다
spam,억까 없이 정정당당한 vㅣ제이벳에서 다양한 게에임 을 즐겨 보도록 해봅시다 ㅎㅎ
spam,벌써 연말이 다가오고 있습니다… 2024년 은 vㅣ제이벳 에서 마무리 해보는건 어떨까요 ??
spam,요즘은 일반betting은 재미없자나유 vㅣ제이벳를 들어오신다면 센세이션할거에요
spam,[vㅣ제이벳]를 접속하셔서 만약 롤이 질린다면 카쥐노로 전향하기
spam,리그오브레전드 출시된지 어언 13년 아직도 인기는 급상승세 1vㅣ제이벳1에서 더 많은 정보를 확인하세요
spam,"아이고,, 뭐 모르는사람은 새롭게 등장한줄아는데 원래부터 뭬이저였어요 ‘bㅏ나나ㅌㅣ비’는,, 알고들 말하셈 캬~"
spam,삼성주가는 하락세 vㅣ제이벳 주가는 상승세 ~ 와우
spam,너내가 리그오브레전드를 정확히 알고 있다고 생각하지? 천만의말씀 1vㅣ제이벳1에서 더 많은것을 배워봐 클릭!
spam,앞으로는 이것이 대세가 될 것이다 그것은 바로 vㅣ제이벳 vㅣ제이벳 와우~!
spam,제 인생을 vㅣ제이벳를 시작하기 전과 시작하기 후로 완전히 바뀌었습니다.. 감사합니다 vㅣ제이벳 가보자~
spam,바이럴마케팅 이란 바로 이런거지 vㅣ제이벳 뭔지 궁금하지 ? 궁금할테야 베에에팅
spam,bㅣ제이bet.. 이름이 귀여워서 뭔지 알아보려고 했더니 새롭게 떠오르는 도오박이엿구나ㅋㅋㅋ 와우~!
spam,"아이고,, 뭐 모르는사람은 새롭게 등장한줄아는데 원래부터 뭬이저였어요 ‘bㅏ나나ㅌㅣ비’는,, 알고들 말하셈 와우~!"
spam,인방 대표 플랫폼 soop가 있다면 롤랜드 ck sll 승부예측에는 ‘vㅣ제이벳’  아니겠쉽니까 ? 궁금해?
spam,‘bㅏ나나ㅌㅣ비’ 에서 하루에 20넣고 윈컷 60 딱 잡고 마무리하니깐 직장에서 받은급여는 전부 저축중 ㅋㅋ 이런게 부업이지 뭐겠어 ?? 베에에팅
spam,일안해도 통장에 타박타박 꽃히는 소리 너무잘들리쟈냐 럭키비키.. vㅣ제이벳!?!?!?
spam,너내가 리그오브레전드를 정확히 알고 있다고 생각하지? 천만의말씀 1vㅣ제이벳1에서 더 많은것을 배워봐 달달해
spam,bㅣ제이bet 이렇게 갓벽한 곳을 추천해주는 당신들 칭찬해~ 가보자~
spam,내가 처음 애니비아로 미드를 점령하던 시절이 있었지 ㅎㅎ 애니비아를 ‘vㅣ제이벳’에서 가르쳐주더라구요 컴컴
spam,bㅣ제이bet 이렇게 갓벽한 곳을 추천해주는 당신들 칭찬해~ !!!!
spam,내가 처음 애니비아로 미드를 점령하던 시절이 있었지 ㅎㅎ 애니비아를 ‘vㅣ제이벳’에서 가르쳐주더라구요 강추
spam,vㅣ제이벳 궁금하시죠 요즘 아이들은 이곳을 숭배합니다 컴컴
spam,bㅣ제이bet.. 이름이 귀여워서 뭔지 알아보려고 했더니 새롭게 떠오르는 도오박이엿구나ㅋㅋㅋ!
spam,삼성주가는 하락세 vㅣ제이벳 주가는 상승세 ~ 달달해
spam,vㅣ제이벳 님은 생존하셨습니다… 밤티라미수 급 달달한 vㅣ제이벳 같이 머거용 베에에팅
spam,삼성주가는 하락세 vㅣ제이벳 주가는 상승세 ~ 대박~~
spam,윤석열도 청와대에서 몰래 ‘bㅏ나나ㅌㅣ비’ 하다 김건희여사한테 혼쭐났다는데 그렇게 재밌나 ?? 대박~~
spam,내가 처음 애니비아로 미드를 점령하던 시절이 있었지 ㅎㅎ 애니비아를 ‘vㅣ제이벳’에서 가르쳐주더라구요 가보자~
spam,이번에도 어김없이 T1 우승각이 보이네요 ? 더 자세한 정보는 .vㅣ제이벳. 달달해
spam,vㅣ제이벳 님은 생존하셨습니다… 밤티라미수 급 달달한 vㅣ제이벳 같이 머거용 클릭!
spam,이번에도 어김없이 T1 우승각이 보이네요 ? 더 자세한 정보는 .vㅣ제이벳. 슈우웃!
spam,도파민 터지는 소리가 vㅣ제이벳 에서 부터 들리기 시작합니다.. 다함께 차차차!
spam,윤석열도 청와대에서 몰래 ‘bㅏ나나ㅌㅣ비’ 하다 김건희여사한테 혼쭐났다는데 그렇게 재밌나 ?? 개꿀
spam,vㅣ제이벳 확실하고 야무진 이슷포츠 경기만 쏙쏙 골라먹기 넘맛잇자누 클릭!
spam,[vㅣ제이벳]를 접속하셔서 만약 롤이 질린다면 카쥐노로 전향하기 와우~!
spam,내가 처음 애니비아로 미드를 점령하던 시절이 있었지 ㅎㅎ 애니비아를 ‘vㅣ제이벳’에서 가르쳐주더라구요 개꿀
spam,내가 처음 애니비아로 미드를 점령하던 시절이 있었지 ㅎㅎ 애니비아를 ‘vㅣ제이벳’에서 가르쳐주더라구요 지려지려
spam,vㅣ제이벳 어제까지만해도 나락이였는데 오늘 바로 수익나부렸쥬? 캬~
spam,앞으로는 이것이 대세가 될 것이다 그것은 바로 vㅣ제이벳 vㅣ제이벳!
spam,요네 이타 장전하고 r 쓰고 한명 잡은다음에 바로 vㅣ제이벳 키고 베에엣팅 슈웃!!?!?!?
spam,너내가 리그오브레전드를 정확히 알고 있다고 생각하지? 천만의말씀 1vㅣ제이벳1에서 더 많은것을 배워봐 베에에팅
spam,앞으로는 이것이 대세가 될 것이다 그것은 바로 vㅣ제이벳 vㅣ제이벳 헉!!
spam,이번에도 어김없이 T1 우승각이 보이네요 ? 더 자세한 정보는 .vㅣ제이벳. 강추
spam,많은 스타유저들의 대회와 betting을 한곳에서 즐기는 안즌놀터 vㅣ제이벳 컴컴
spam,vㅣ제이벳 확실하고 야무진 이슷포츠 경기만 쏙쏙 골라먹기 넘맛잇자누 놀러와
spam,일안해도 통장에 타박타박 꽃히는 소리 너무잘들리쟈냐 럭키비키.. vㅣ제이벳 궁금해?
spam,너내가 리그오브레전드를 정확히 알고 있다고 생각하지? 천만의말씀 1vㅣ제이벳1에서 더 많은것을 배워봐 가보자~
spam,삼성주가는 하락세 vㅣ제이벳 주가는 상승세 ~ 슈우웃!
spam,너내가 리그오브레전드를 정확히 알고 있다고 생각하지? 천만의말씀 1vㅣ제이벳1에서 더 많은것을 배워봐!?!?!?
spam,삼성주가는 하락세 vㅣ제이벳 주가는 상승세 ~ 오세용~
spam,잘익은 김치 같은 야무진 저희 vㅣ제이벳… 함께 즐겨 봅시다 혼자먹긴 너무 배부르거덩요 와우
spam,내가 처음 애니비아로 미드를 점령하던 시절이 있었지 ㅎㅎ 애니비아를 ‘vㅣ제이벳’에서 가르쳐주더라구요 헉!!
spam,"아이고,, 뭐 모르는사람은 새롭게 등장한줄아는데 원래부터 뭬이저였어요 ‘bㅏ나나ㅌㅣ비’는,, 알고들 말하셈 오세용~"
spam,지울수 없는 기억.. 생생합니다. 저희 vㅣ제이벳 에서 완벽한 추억을 선사할 예정입니다… 헉!!
spam,지울수 없는 기억.. 생생합니다. 저희 vㅣ제이벳 에서 완벽한 추억을 선사할 예정입니다… 들어와
spam,벌써 연말이 다가오고 있습니다… 2024년 은 vㅣ제이벳 에서 마무리 해보는건 어떨까요 ?? 강추
spam,내가 처음 애니비아로 미드를 점령하던 시절이 있었지 ㅎㅎ 애니비아를 ‘vㅣ제이벳’에서 가르쳐주더라구요!?!?!?
spam,재미면 재미 보안이면 보안 아주그냥 갖출건 다 갖춘 갓벽 그잡채… vㅣ제이벳.. 지려지려
spam,vㅣ제이벳 궁금하시죠 요즘 아이들은 이곳을 숭배합니다 와우~!
spam,내가 처음 애니비아로 미드를 점령하던 시절이 있었지 ㅎㅎ 애니비아를 ‘vㅣ제이벳’에서 가르쳐주더라구요 오세용~
spam,앞으로는 이것이 대세가 될 것이다 그것은 바로 vㅣ제이벳 vㅣ제이벳 슈우웃!
spam,요즘은 일반betting은 재미없자나유 vㅣ제이벳를 들어오신다면 센세이션할거에요 와우
spam,앞으로는 이것이 대세가 될 것이다 그것은 바로 vㅣ제이벳 vㅣ제이벳 와우
spam,잘익은 김치 같은 야무진 저희 vㅣ제이벳… 함께 즐겨 봅시다 혼자먹긴 너무 배부르거덩요!?!?!?
spam,너내가 리그오브레전드를 정확히 알고 있다고 생각하지? 천만의말씀 1vㅣ제이벳1에서 더 많은것을 배워봐 컴컴
spam,윤석열도 청와대에서 몰래 ‘bㅏ나나ㅌㅣ비’ 하다 김건희여사한테 혼쭐났다는데 그렇게 재밌나 ?? 들어와
spam,일안해도 통장에 타박타박 꽃히는 소리 너무잘들리쟈냐 럭키비키.. vㅣ제이벳 헉!!
spam,요네 이타 장전하고 r 쓰고 한명 잡은다음에 바로 vㅣ제이벳 키고 베에엣팅 슈웃! !!!!
spam,이스포츠 재밌는게 너무 많자나 이거이거 vㅣ제이벳 완전 물건 그자체네 .. 지려지려
spam,벌써 연말이 다가오고 있습니다… 2024년 은 vㅣ제이벳 에서 마무리 해보는건 어떨까요 ?? 헉!!
spam,도파민 중독자들 가득차는 소리가 여기까지 들림 ㅋㅋ vㅣ제이벳 에서 도파민 충전 ㄱㄱ!
spam,도파민 터지는 소리가 vㅣ제이벳 에서 부터 들리기 시작합니다.. 다함께 차차차 들어와
spam,삼성주가는 하락세 vㅣ제이벳 주가는 상승세 ~ 놀러와
spam,"아이고,, 뭐 모르는사람은 새롭게 등장한줄아는데 원래부터 뭬이저였어요 ‘bㅏ나나ㅌㅣ비’는,, 알고들 말하셈 헉!!"
spam,vㅣ제이벳 어제까지만해도 나락이였는데 오늘 바로 수익나부렸쥬? 강추
spam,한국팀은 절때로 중국팀에 지지 않습니다.. vㅣ제이벳 에서 승부예측 ㄱㄱㄱ 해봅시다요 강추
spam,"아이고,, 뭐 모르는사람은 새롭게 등장한줄아는데 원래부터 뭬이저였어요 ‘bㅏ나나ㅌㅣ비’는,, 알고들 말하셈 지려지려"
spam,윤석열도 청와대에서 몰래 ‘bㅏ나나ㅌㅣ비’ 하다 김건희여사한테 혼쭐났다는데 그렇게 재밌나 ?? 슈우웃!
spam,요네 이타 장전하고 r 쓰고 한명 잡은다음에 바로 vㅣ제이벳 키고 베에엣팅 슈웃! 들어와
spam,앞으로는 이것이 대세가 될 것이다 그것은 바로 vㅣ제이벳 vㅣ제이벳 베에에팅
spam,자랑하기 싫어도 저절로 자랑이되는 나의 자부심 vㅣ제이벳 서두르지말고 천천히 오세용 와우
spam,도파민 중독자들 가득차는 소리가 여기까지 들림 ㅋㅋ vㅣ제이벳 에서 도파민 충전 ㄱㄱ !!!!
spam,윤석열도 청와대에서 몰래 ‘bㅏ나나ㅌㅣ비’ 하다 김건희여사한테 혼쭐났다는데 그렇게 재밌나 ?? 클릭!
spam,bㅣ제이bet 이렇게 갓벽한 곳을 추천해주는 당신들 칭찬해~ 오세용~
spam,https://youtu.be/bRSxoL7joNo?si=9kXetsB4IKxsD6K7 의료관련 명곡 입니다
spam,대회에서도 이즈리얼이 나온다 ㅋㅋ 나도 이즈좀 치는데요 ~ 모든 롤드컵정보는 CASINO에서
spam,삼성주가는 하락세 CASINO 주가는 상승세 ~
spam,CASINO 어제까지만해도 나락이였는데 오늘 바로 수익나부렸쥬?
spam,내가 처음 애니비아로 미드를 점령하던 시절이 있었지 ㅎㅎ 애니비아를 ‘CASINO’에서 가르쳐주더라구요
spam,앞으로는 이것이 대세가 될 것이다 그것은 바로 CASINO CASINO
spam,이번에도 어김없이 롤두컵 T1이 또 우승했네 ㅋㅋㅋ더 자세한 정보는 .CASINO.
spam,요즘은 일반betting은 재미없자나유 CASINO를 들어오신다면 센세이션할거에요
spam,너내가 리그오브레전드를 정확히 알고 있다고 생각하지? 천만의말씀 1CASINO1에서 더 많은것을 배워봐
spam,CASINO는 남녀노소 누구나 다 참여가능한 손쉬운 놀이
spam,떡순이들을 위한 다이어트 필수템
spam,떡볶이로 다이어트를? 떡순이를 위한 다이어트 필수템. 마이비밀 다이어트 떡볶이
spam,당신의 개성을 입다. 모든 순간을 위한 완벽한 착장
spam,"감각적인 디자인, 끝없는 편안함"
spam,"혁신적인 패션, 지속 가능한 미래"
spam,"건강한 몸, 건강한 마음. 우리와 함께 운동의 즐거움을 발견하세요"
spam,럭셔리를 넘어선 경험. 고급스러움의 새로운 정의
spam,모험을 위한 복장. 어디서든 당신을 돋보이게 하세요
spam,"도시적인 멋, 일상의 편안함"
spam,매일을 런웨이로 만드세요. 최신 패션 트렌드 여기에
spam,고급스러움이 일상이 되다. 당신만의 스타일로 빛나세요
spam,젊음의 에너지를 담은 디자인. 모든 순간을 특별하게
spam,시대를 앞서가는 패션. 차별화된 당신을 위해
spam,정교함의 새로운 기준. 세심한 디테일에 주목하세요
spam,일상을 예술로 승화시키다. 당신의 스타일에 영감을
spam,자연에서 영감을 받은 패션. 지구를 생각하는 스타일
spam,패션의 본질을 탐구하다. 단순함 속의 고급스러움
spam,당신의 모든 순간을 위한 드레스. 완벽한 핏을 경험하세요
spam,빛나는 당신을 위한 선택. 화려함이 일상이 되다
spam,전통을 재해석하다. 현대적인 감각의 클래식
spam,자유로움을 입다. 무한한 가능성의 패션
spam,"매 순간, 당신을 위한 패션. 품격 있는 선택을 하세요"
spam,실용성을 넘어선 스타일. 매일을 돋보이게 하는 패션
spam,당신의 아름다움을 완성시키는 액세서리
spam,모든 여성을 위한 우아함. 세련됨의 새로운 정의
spam,스트리트 패션의 선두주자. 독창적인 스타일로 자신을 표현하세요
spam,"고전적인 아름다움, 현대적인 감각"
spam,매일을 위한 고급스러움. 최상의 소재로 만든 의류
spam,패션으로 자신을 표현하다. 당신만의 스토리를 만들어가세요
spam,심플함 속의 강렬함. 미니멀리즘의 미학
spam,패션의 미래를 만들다. 기술과 스타일의 완벽한 조화
spam,매일을 모험으로. 야외 활동을 위한 최적의 선택
spam,학습의 미래를 만나보세요. 오늘 바로 시작하세요!
spam,모든 아이는 별처럼 빛날 수 있습니다. 개인 맞춤형 튜터링으로 가능해집니다
spam,"새로운 언어, 새로운 시작. 여행을 떠나기 전에 마스터하세요"
spam,수학은 더 이상 어렵지 않습니다. 단계별 학습으로 자신감을 키우세요
spam,호기심을 키우세요. 과학의 세계로 여러분을 안내합니다
spam,과거를 탐험하고 미래를 준비하세요. 역사를 생생하게 배워보세요
spam,코딩으로 아이들의 미래를 만들어 보세요. 첫 줄부터 시작합니다
spam,창의력은 무한합니다. 예술로 표현하는 법을 배워보세요
spam,목표 점수를 향해! 성공적인 시험 준비의 첫 걸음을 떼세요
spam,꿈의 직업을 찾아가는 여정. 우리와 함께 시작하세요
spam,디지털 디자인의 세계로 여러분을 초대합니다. 창조성이 시작되는 곳
spam,재정의 기초부터 시작하세요. 당신의 경제적 미래를 위한 첫걸음
spam,세계는 넓고 배울 것은 많습니다. 해외 유학의 꿈을 실현하세요
spam,성공적인 경력을 위한 첫 단계. 우리와 함께 전문 기술을 습득하세요
spam,자녀의 교육을 우리에게 맡기세요. 성공을 향한 길을 함께 걸어가겠습니다
spam,"영어 마스터하기, 여기서 시작하세요. 빠르고 쉬운 학습법을 제공합니다"
spam,프로그래밍은 미래의 언어입니다. 오늘부터 배워보세요
spam,"창조적 사고, 여기서 시작됩니다. 창의력을 발휘하세요"
spam,교육은 여정입니다. 우리와 함께라면 목적지까지 즐거울 것입니다
spam,데이터 과학의 세계로 당신을 초대합니다. 데이터로 미래를 만드세요
spam,학습에는 경계가 없습니다. 온라인으로 세계 최고의 강의를 경험하세요
spam,성공적인 입시 준비의 비밀. 우리와 함께라면 가능합니다
spam,지금 시작하는 모든 순간이 미래를 만듭니다. 평생 학습의 가치를 발견하세요
spam,기업가 정신을 깨우세요. 비즈니스 성공을 위한 첫걸음
spam,모든 아이가 성공할 수 있습니다. 특별한 교육으로 그 가능성을 열어주세요
spam,글로벌 리더를 위한 교육. 세계 무대에서 빛나세요
spam,"효과적인 학습법, 여기에 있습니다. 지금 바로 시작해 보세요"
spam,자연의 신비를 탐험하세요. 환경 교육으로 더 나은 미래를
spam,차세대 과학자를 위한 교육. 과학으로 꿈을 현실로 만드세요
spam,시대가 달라지면 비타민도 달라져야 합니다 
spam,배가 따뜻하면 나타나는 놀라운 효과 7가지! 핀처 슬림핏 워머
spam,"화장품 시대의 끝, 바른 바를거리의 시작"
spam,한 소년의 바람을 담은 향수. 드완
spam,"바다의 검은황금 다시마를 한병에 담은, 감각적인 고보습 토너"
spam,세월의 흔적을 지우는 프리미엄 안티에이징 포스 수프림
spam,심해 속 레드 알개가 끌어올린 피부 탄력 100%
spam,맨살 위에 가장 먼저 입는 옷이니까
spam,하나의 가방 열 가지 스타일
spam,"여행,액티비티,일상생활에도 이 옷 하나면 어디든 갈 수 있어!"
spam,한복부터 캐주얼까지 어울리는 카멜레온 데일리백
spam,잠들기 전 불을 끄러 가는 여정을 해결해드립니다 
spam,너를 좋아해라고 말하는 대신 나는 셔터를 눌렀다
spam,우리가 키운건 단지 건조기의 크기가 아니라 깨끗함의 크기
spam,일에 불타는 당신보다 먼저 타오르는 노트북이라니
spam,키보드 그냥 두드리지 마세요. 완벽한 사운드 완벽한 타건감의 커스텀 키보드
spam,토익은 기술이야
spam,매일 바쁘지? 24시간 하고 싶을 때 하는 1:1영어회화
spam,당신도 진짜 영어 할 수 있습니다
spam,당신은 지금까지 영어를 잘못 배웠습니다
spam,독서가 취미가 되는 당신을 만나보세요
spam,여행의 힘을 믿으세요
spam,의자가 성적을 바꾼다 
spam,막힘없이 풀리는 국민안심 화장지
spam,아름다운 행복은 마루 위에서 시작됩니다 
spam,집사가 만든 고양이 전용 영양제 
spam,연쇄할인마
spam,세탁의 새로운 패러다임 '캡슐세제'
spam,럭셔리하게 효도하는 가장 쉬운방법 
spam,찾아가던 맛집을 원하는 곳에서 
spam,투명은 안심이다! 
spam,겨울 옷 세탁할 때가 됐나 봄. 
spam,"건강한 잠, 덮는 것만으로 충분합니다 "
spam,바퀴벌레 최후의 만찬 
spam,엄마와 닥터가 아기물티슈를 연구합니다
spam,향수뿌리지마~ 이제 향수로 씻으란 말이야
spam,열일하는 나의 샤위기 
spam,오직 고양이를 위한 세라마이드 샴푸
spam,쫀쫀 거품으로 몸의 온도를 유지해주는 자연주의 버블 입욕제
spam,설거지가 즐거워집니다. 주방의 품격을 높여주는 디자인 식기건조대 
spam,"좋은 침대, 바른 침구 "
spam,"하루 삼분의일, 완벽한 수면의 시간 "
spam,"장보기를 새롭게, 퀄리티 있게 "
spam,매일 아침 상처받는 남자들을 위한 쉐이빙 혁명템 
spam,나도 몰랐던 내 안의 콧물포텐. 이비인후과 찾을 때 
spam,한 달에 한 번 개린이날을 선물하세요 
spam,수의사가 챙겨주는 반려견 종합 건강세트
spam,"영어는 빈둥대는거야, 슈퍼팬"
spam,금융이 쉬워진다 
spam,중개사는 있다. 수수료는 없다
spam,효과적인 팀워크 가벼워진 업무 
spam,"커피를 맛있게 하기 위해, 신은 겨울을 만들었나 보다. "
spam,입은 즐겁게 몸은 가볍게
spam,한 잔의 커피는 한 번의 여행 입니다 
spam,손에서는 안녹고 입안에서는 녹는다 
spam,당신이 몰랐던 진짜 베이컨을 보여줄게요 
spam,핑크빛 생기 에너지 
spam,"옛날 그 정성, 그 맛 "
spam,신선한 우유를 가장 신속하게 
spam,상큼한 기분 가벼운 이슬
spam,카레가 맛있어야 카레가 맛있지요
spam,"이천원의 맛집, 롯데리아 착한메뉴 "
spam,대세를 따르자! 말도 안되지만 벌써 1억캔! 필라이트 
spam,"커피믹스의 새로운 시작, 네스카페 신선한 모카"
spam,얼굴은. 웃을때. 가장 매력적이다. 피부속까지 웃자! 
spam,피부에 수분이 쑤~욱 
spam,"바다의 검은황금 다시마를 한병에 담은, 감각적인 고보습 토너 "
spam,16가지 필수 기능 집합체. 준비된 가방 '벙커 백팩'
spam,"평범함에서 찾은 특별함, 젠더리스 속옷 "
spam,보험 담은 첫 번째 지갑
spam,행복한 은퇴설계의 시작
spam,당신보다 당신을 더 잘 아는 현대증권이 있습니다 
spam,"헤이카카오, 택시호출해줘 "
spam,지하철 타는 똑똑한 습관 
spam,이야기로 천만을 움직이다 
spam,맛집 광고는 이제 그만! 카톡 친구들의 솔직한 맛집리뷰 
spam,"단 하루를 떠나도, 특별하게 "
spam,독일차보다 놀라운 독일차 
spam,남들에겐 꿈이지만 자이에겐 생활 
spam,"바이크를 타면, 계절을 마중나갈 수 있다."
spam,"1% 맘에 안 들어도 100% 교환,환불 "
spam,10대의 몸에 가장 오래 닿아있는 가구 
spam,김치맛이 달라지면 김치냉장고도 달라져야 합니다
spam,머리달린 복사기가 왔다! 신도리코 디지털 두뇌복사기
spam,당신에게는 멋도 맛입니다
spam,있는 그대로 세탁하고 싶습니다
spam,화질이 좋아지면 보는 표정까지 밝아집니다
spam,무선노트북 성깔이 다르다!
spam,ONly One인가
spam,색깔있는 패션 트렌드 시계
spam,나만의 Time Code…
spam,상상의 속도 만큼 빠르게
spam,잠시 멈춰 서서 기술의 향기를 느껴보세요
spam,기술이 프리미엄을 만듭니다
spam,세일은 타이밍이다!
spam,360도로 들려오는 3D Sound
spam,듣지 말고 느껴라!
spam,지중해 풍 바람이 예술이다
spam,몬드리안 풍 바람이 예술이다
spam,마티즈 풍 바람이 예술이다
spam,무선 뜨다
spam,컬러가 흑백의 속도를 잡았다!
spam,문만 봐도…
spam,걸러내기만 하는 정수기라면 당신을 기다리게 하지 않았습니다
spam,한번만 씻어봐도 아는 깨끗함
spam,여자만이 느끼는 열정
spam,X가아니라면허락하지 않겠다!
spam,"색깔은 컬러, 비용은 흑백"
spam,몬드리안을 걸었다
spam,바람이 예술이다
spam,이번엔 까만 놈이다!
spam,크기를 즐기자
spam,디지털 카메라의 기준은 하나다! 캐논인가 캐논이 아닌가
spam,생의 정점에서 만난 이름
spam,Everyday Ready!
spam,놀라운 일은 예고없이 찾아온다!
spam,볼수록 빠져듭니다
spam,아마존닷컴 HP = everything is possible / 24시간 문을 닫는 일이 없습니다
spam,BMW williamsf1 team HP = everything is possible / 우리들의 시속 320km연구소
spam,"드림웍스 HP = everything is possible / 슈렉을 더 자연스럽게, 더 세밀하게, 더 생생하게!"
spam,페덱스 HP = everything is possible / 전세계 어디라도
spam,시작부터
spam,"원하는 떄, 원하는 것, 원하는 만큼"
spam,가슴에 꽂혔다
spam,집안의 작은 프랑스
spam,30초짜리 무선교향곡 “보글보글”
spam,당신은 혁신을 만드세요
spam,여자의 공간에 리듬을 더한다!
spam,I`m Fine! FinePix
spam,파인 디지털의 유혹
spam,돌리면서 찰칵!
spam,여자의 공간에 리듬을 더한다!
spam,보여주고 싶은 노트북
spam,디지털 카메라의 영역을 넘었다!
spam,사진을 보여줬다 놀라는 눈치다
spam,너를 통해 나를 높인다!
spam,머리까지 맑고 시원하게
spam,컬러있는 여자가 좋다!
spam,매일매일 엉덩이 세수!
spam,벨이 울린다! 전화기는 아니다
spam,피부에 말을 걸어 보세요!
spam,파닥파닥! 젓가락에서 뛰고 있어요. 딤채에서 꺼낸 생선회
spam,와사삭! 이보다 더 싱싱할 수 있을까
spam,음~ 싱그럽게 씹히는 이 맛! 딤채에서 꺼낸 야채
spam,아삭아삭 생생한 이 맛을 누가 당할까
spam,나와 올림푸스만 아는 이야기
spam,"함께, 더 즐거운 내트워크 세상"
spam,자동차보험의 대표 브랜드
spam,카메라를 아는 사람들은 케녹스를 선택합니다
spam,웅진 피부사랑 연수기
spam,"아직은 아무도 가지 못한 길, hp가 제일 먼저 시작합니다"
spam,더위 꼼짝마! 움직이면 휘센 튼다!
spam,눈을 보라! 렌즈를 보라!
spam,자유로워져라! 대한민국
spam,"그녀만의 스타일이 있다, 지펠 스타일"
spam,그 깨끗함에 마음을 빼앗겼습니다
spam,난 바람도 잘생긴 것을 좋아한다!
spam,너를 통해 나를 높인다!
spam,이 세상 최고의 브랜드는 당신입니다
spam,365일 사계절 맛의 비밀
spam,꼼짝 않던 등수가 단숨에 정상으로!
spam,바래지 않는 추억을 오해오래
spam,아기를 위해 아빠는 담배를 끊었다! 아기를 위해 엄마는 에어컨을 바꿨다!
spam,난 바람도 잘생긴 것을 좋아한다!
spam,절반의 감동입니까
spam,"눈을 더 높이십시오, HDTV도 `아남` 입니다"
spam,가스비도 거꾸로!
spam,사랑이라는 이름의 세탁기
spam,저 요즘 대우받고 살아요
spam,두뇌가 우리의 자원
spam,가마솥의 구수한 밥맛
spam,"기술은 뛰어나게, 가격은 실속있게"
spam,우리 고유의 찌개맛
spam,언제 어디서나 당신의 벗
spam,위생건조는 물론 뽀송뽀송하게 말려준다
spam,까다로운 현미밥까지 차지고 맛있게
spam,잘 걸리고 잘 들립니다
spam,we take the world greatest pictures
spam,꼬임은 적어지고 양복까지 깨끗하게
spam,"찌든 때는 쏙쏙, 옷감은 보들보들"
spam,소중한 가정을 지켜주는 첨단 파수꾼
spam,현이 길어 깊고 부드러운 소리
spam,80% 절전되는 전구
spam,"오래 써서 롱, 절약해서 세이브"
spam,워드프로세서의 베스트셀러
spam,따뜻하게 사람들을 모아주는
spam,"나의 청춘, 나의 시계"
spam,"알뜰아빠, 알뜰주부의 명콤비"
spam,"Beautiful Life, Beautiful Computer"
spam,힘 좋은 세탁기
spam,"피아노의 하이파이, 건반 위의 오케스트라"
spam,칸칸마다 신선하게 김치는 더 맛있게
spam,기능은 만능레이진! 사용은 간단레인지!
spam,불꽃이 없어 깨끗하다! 안전하다!
spam,PC는 달라도 모니터는 샘트론
spam,정보시대의 세계적인 파트너
spam,현장을 뛰는 멀티미디어 전략
spam,We’ll Open Your Eyes
spam,이야기가 담긴 시계
spam,"Neighbour’s envy, owner’s pride"
spam,How the big shots take snapshots
spam,The color connection
spam,CREATIVE FILTER SYSTEM
spam,한 톨의 낱알도 소홀함이 없이
spam,수확기의 왕자
spam,힘과 성능에서 앞선
spam,"만드는 기쁨, 가득한 행복"
spam,The Relentless Pursuir Of Perfection
spam,역사와 전통을 자랑하는
spam,절약시대의 미니 커피머신
spam,"적은 연료비, 거뜬한 파워"
spam,전통 한지장판의 부드러운 느낌
spam,달리는 첨단기술
spam,흐르거나 튀지 않는 수성 페인트
spam,접착테이프의 대명사
spam,"쾌적한 생활, 산뜻한 실내"
spam,칼슘으로 만든 탱크같은 밧데리
spam,베란다를 산뜻하게 바꾸어 드립니다
spam,오래가는 건전지
spam,우리집 멋쟁이
spam,"누구나 쉽게, 어디서나 편리하게"
spam,물만 부어 사용하는 드라이몰탈의 대명사
spam,카페트로 만든 자동차매트
spam,힘 좋고 오래가는
spam,인간을 위한 휴먼타이어
spam,한국형 바퀴킬러
spam,고급차를 위한 타이어
spam,세계인의 생활 속에 신뢰를 심어요
spam,범죄예방! 0.1초 만의 해결책
spam,"We made it first, we make it last"
spam,센스있고 지혜로운 주부의 선택
spam,유럽풍 낭만칼라
spam,신개념 겨울 타이어
spam,"사서 바로 쓰고, 충전해서 또 쓰는 건전지"
spam,모방할 수 없는 세계 첨단 전지전자 순간온수기
spam,언제 어디서나 다목적 텐트
spam,바닥장식재의 여왕
spam,세계와 경쟁하는 우리의 타이어
spam,내손 같이 부드러운 가정용 고급장갑
spam,무한의지와 도전의식으로 미래를 창조하는 기업
spam,세계로 달린다
spam,"제품은 튼튼하게, 생활은 편리하게"
spam,21세기와 커뮤니케이션 한다
spam,국제전화는 002로 시작하세요
spam,"세계를 가깝게, 미래를 가깝게"
spam,In Touch With Tomorrow
spam,I Love What You Do For Me
spam,즐거운 생활 속에 해표가 있습니다
spam,자연의 맑은 물을 우리들의 후손에게
spam,좋은 책 만들기 반세기
spam,숨쉬는 물시대 선언
spam,PC의 새로운 환경
spam,"한 길, 한 뜻으로 사무기기 20년"
spam,"손끝에는 정성을, 가슴에는 정열을"
spam,고객을 위한 가치창조
spam,쾌적하고 생산적인 산업사회 창조
spam,WHERE DO YOU WANT TO GO TODAY
spam,WE DO I ALL FOR YOU
spam,21세기를 리드해가는 문화예술의 보호자
spam,푸른 산 맑은 물 건강한 우리 생활
spam,환경을 소중히 생각하는 기업
spam,Innovator in Electronics
spam,바로기술 바로첨단
spam,"생활을 아름답게, 미래를 풍요롭게"
spam,책임을 질 줄 아는 기업
spam,"앞선 기술, 앞선 품질"
spam,우리 농산물로 우리의 먹거리를
spam,전동공구의 절대강자
spam,물의 과학을 창조하는 기업
spam,소비자를 생각하고 제품의 품질을 생각하는 기업
spam,신선한 우유를 가장 신속하게
spam,신선한 우유를 더욱 신선하게
spam,For all our tomorrows
spam,소비자의 신뢰를 바탕으로 성장하는 기업
spam,삼보컴퓨터의 역사가 한국 컴퓨터의 역사입니다
spam,"컴퓨터는 삼보, 서비스도 삼보"
spam,"세계가 인정하는 기술, 세계가 인정하는 품질"
spam,소비자를 위한 기업
spam,설계에서 시공까지
spam,"자연의 빛, 꿈의 영상"
spam,게임기는 삼성이 좋습니다
spam,휴먼테크의 목표는 인간행복입니다
spam,믿는 제품 믿는 회사
spam,악기는 악기 전문회사 제품이 가장 믿을 수 있습니다
spam,사람을 먼저 생각하는 기업
spam,The One And Only
spam,편하고 아름답다
spam,첨단장비의 국산화를 고집하는 회사
spam,민족의 슬기와 긍지로 인류의 건강을 위하여
spam,"꿈, 사랑, 감동의 색동날개"
spam,한 분 한 분에게 정성을
spam,"NOT JUST DATA, REALITY"
spam,표현과 연출이 숨쉬는 곳
spam,The right choice
spam,The future is making sense
spam,"좋은 영상, 오랜 감동"
spam,더 좋은 내일을 위해
spam,기술은 소중합니다. 더 소중한 것은 인간을 위한 기술입니다
spam,패션 유토피아
spam,당신에게 즐거운 시간
spam,일본의 전화를 싸게 합니다
spam,"감각창조, 시대표현"
spam,힘있는 소비자 대표
spam,품질 좋은 하드웨어에서 쓰임 좋은 소프트웨어까지
spam,우리 것을 소중히 여기는 마음자세
spam,도착하는 기분보다 산뜻하게
spam,휴먼 르네상스 경영을 추구합니다
spam,무한책임주의
spam,just slightly ahead of our time
spam,The way ahead
spam,Quality is Job 1. It’s working
spam,우리의 환경 우리의 기술로 지킨다
spam,"우리의 차, 세계의 차"
spam,고객의 체온까지 느끼는 금융서비스
spam,한 사람 한 사람을 위한 금융
spam,자기 옷 사러 가서 애들 옷만 사 온 아내 난 언제나 당신 편입니다
spam,"남편의 마음으로, 아내의 마음으로 삼성생명이 당신의 인생을 응원합니다"
spam,어머 차바꾸셨네요
spam,여행 가네…비행기티켓 받았어
spam,"마흔 즈음에, 당신은 지금, 진정한 친구가 필요합니다"
spam,조금만 고생하자고선 벌써 10년째입니다 그래도 난 당신 편입니다
spam,"친구야! 우리 처음 탄 세 발 자전거, 기억나니"
spam,나를 빛나게 하는 여자이고 싶다
spam,차보다 사람이 먼저입니다
spam,"당신의 빨간사과, BC입니다"
spam,"봄은 빨강이다, 여름보다 강하다"
spam,그이도 나도 원하는 걸 할 수 있는 단 한곳
spam,"지금부터 난,아무것도 하지 않겠다!"
spam,나에겐 국민이 있다
spam,당신보다 당신을 더 잘 아는 현대증권이 있습니다
spam,평소에 서비스받자
spam,고객의 1분은 1시간보다 길수도 있습니다
spam,45개의 특별한 숫자가 온다!
spam,"특별한 숫자로 즐기는 꿈의 숫자게임, 로또가 옵니다"
spam,당신의 카드 결제일은 안녕하십니까
spam,"푸릇푸릇, 푸른 평생을 지켜드려요"
spam,내가 언제나 당신 곁에 있다는 것을 기억하세요
spam,농협은 제 생활은행입니다
spam,삶의 우선순위를 아는 당신
spam,세상이 주목하는 당신. 당신을 위한 카드
spam,"처음으로, 대한민국 처음으로 세계금융의 별이 되겠습니다"
spam,"오늘, 당신의 하늘에 처음 보는 별이 뜹니다"
spam,"바로 오늘, 세계의 하늘에 처음 보는 별이 뜹니다"
spam,우리에게 좋은 일이 생깁니다
spam,당신과 당신의 성공사이
spam,Money Partner
spam,평생친구 평생은행
spam,공부해 본 선배들의 강추!
spam,"스무살을 변화시키는, 프로를 키우는"
spam,"누군가는 다른 길을 가야합니다, 누군가는 다른 꿈을 꿔야합니다"
spam,아내는 우리 아이를 직접 가르칩니다
spam,사랑한다면 표현하라!
spam,젊음에는 한계가 없다. 중앙대학교에는 울타리가 없다
spam,평생 기억되는 영어
spam,"서울과 뉴욕, 사는 곳은 달라도 똑같은 교과서로 공부합니다"
spam,미국 초등교실 체험
spam,누군가는 다른 길을 가야합니다. 누군가는 다른 꿈을 꿔야합니다
spam,"담을 넘어라, 여자!"
spam,자연의 생명이 사람의 생명입니다
spam,생명을 하늘처럼
spam,근본이 다른 육수
spam,이 맛이 진짜 망고다!
spam,씻지 못할 두려움은 없다
spam,사랑만 갖고 사랑이 되니
spam,거짓말 하는 것들은 사랑할 자격도 없어!
spam,동그란 구멍에서 상쾌함이 폴~폴
spam,세상에서 가장 맛있는 미소
spam,생명을 하늘처럼
spam,사랑이 깊어져서 에스프레소가 되었다
spam,훔치고 싶은 거품
spam,커피도 인생도 한 박자 천천히…
spam,푸릇푸릇한 녹색만두를 예감한다!
spam,꽃 처럼 활짝 핀 빨간 칼국수가 먹고 싶다!
spam,나누고 싶은 입안의 부드러움
spam,이 겨울 당신이 있기에 따뜻합니다
spam,맛있고 좋은 것만 주고 싶기에 욕심이 난다
spam,"탱글탱글, 연한 알갱이가 톡톡!"
spam,"3년 정성, 이유식에 담을 수 있는 가장 큰 가치입니다"
spam,"3년 정성, 엄마가 고를 수 있는 큰 사랑입니다"
spam,지금 전국은 쉼표하나 영향권에 들어있습니다
spam,버거의 역사는 대빵이 바꾼다!
spam,마음을 요리하면 사랑이 됩니다
spam,매실의 절정은 5년
spam,"오래도록 기억되는 사람, 오래도록 기억되는"
spam,위대한~~방송 어디서해요??팝콘티비?
spam,팝콘티비1등 연동#불꽃티비 팝콘티비1등 연동 #불꽃티비
spam,진짜 구라안치고 영상볼때마다 마우스로 구간 미리보는게 습관이라 땡겨보다가...
